additive_absolute,additive_balance,additive_negative,additive_positive,additive_signed,cid,cv_baseline_sse,cv_bins,cv_folds,cv_score,cv_sse,cv_status,event_trials,gain_absolute,gain_balance,gain_negative,gain_positive,gain_signed,mapped_onsets,overlap_complete_events,prediction_status,raw_eye_only_complete_events,session,supported_events
0.018061523145540076,-0.928992447923896,0.01742027087287473,0.0006412522726653457,-0.016779018600209382,5,8701.5302734375,8281,5,0.33926588303601524,5749.397921455107,ok,14,0.151607041596435,-0.030826383749088,0.07814026921987534,0.07346677237655969,-0.004673496843315653,98,9,cached,27,Allen_2022-02-16,19
0.08610468917662123,-0.7035162292857778,0.07334036771499086,0.012764321461630364,-0.060576046253360494,14,37473.56494140625,8281,5,0.3531654291683063,24239.197296408114,ok,14,0.3453673588111997,-0.39556538409148145,0.24099136537600618,0.1043759934351935,-0.1366153719408127,98,9,cached,27,Allen_2022-02-16,19
0.014867558667780638,-0.48851089300680567,0.011065261514704616,0.003802297153076022,-0.007262964361628594,15,585.0349655151367,8281,5,0.3435618350027292,384.03927922199796,ok,14,0.028161890183400828,-0.24466596000257626,0.01752607304030486,0.010635817143095968,-0.006890255897208892,98,9,cached,27,Allen_2022-02-16,19
0.09263055782454709,-0.9036357834323435,0.08816742225705335,0.004463135567493739,-0.0837042866895596,21,49416.18798828125,8281,5,0.26766403765845137,36189.251585648824,ok,14,0.2592266655643471,-0.5413000710379818,0.19977303902463367,0.05945362653971341,-0.14031941248492025,98,9,cached,27,Allen_2022-02-16,19
0.1079434466829601,-0.5285210476562114,0.08249691510573029,0.025446531577229814,-0.057050383528500476,27,59019.0244140625,8277,5,0.3360711759669808,39184.431474804565,ok,14,0.4645016795722768,0.579280225590279,0.0977125209212924,0.3667891586509844,0.269076637729692,98,9,cached,27,Allen_2022-02-16,19
0.1783966540902232,0.5646159708949181,0.03883552701833348,0.13956112707188972,0.10072560005355624,29,108346.767578125,8281,5,0.23539327834890122,82842.66675940371,ok,14,0.28821602768051285,0.30036176131666475,0.1008234769833507,0.18739255069716215,0.08656907371381145,98,9,cached,27,Allen_2022-02-16,19
0.02619976719142869,1.0,0.0,0.02619976719142869,0.02619976719142869,30,55374.08642578125,8281,5,0.4019622644427625,33115.79325462498,ok,14,0.4938597398422038,-0.03311918220118973,0.25510798527393497,0.23875175456826886,-0.016356230705666108,98,9,cached,27,Allen_2022-02-16,19
0.13034318725694904,-0.6721809457200839,0.10897869706774752,0.021364490189201515,-0.087614206878546,32,42239.631591796875,8273,5,0.3241728344737539,28546.69049155696,ok,14,0.28363765018681686,-0.4016104381647911,0.19877474557918806,0.08486290460762881,-0.11391184097155925,98,7,cached,27,Allen_2022-02-16,17
0.16757541051677738,-0.7580323477612464,0.1473014961889324,0.020273914327844984,-0.12702758186108742,35,106782.50439453125,8281,5,0.4125847400223247,62725.67257998083,ok,14,0.45525891607321683,-0.9432121232434015,0.4423323224640626,0.012926593609154232,-0.4294057288549084,98,9,cached,27,Allen_2022-02-16,19
0.04929103312673154,0.14464542654070023,0.021080655307741836,0.028210377818989704,0.0071297225112478685,36,4651.645904541016,8281,5,0.23403455230599757,3563.000037785732,ok,14,0.08212981146837897,-0.3061519344798822,0.0536370060639456,0.028492805404433365,-0.025144200659512235,98,9,cached,27,Allen_2022-02-16,19
0.03995872644882184,-0.151354816063098,0.02300333607029946,0.01695539037852238,-0.006047945691777079,37,9441.40771484375,8281,5,0.3964224810402639,5698.621444012702,ok,14,0.14886234615927002,0.018213850522317363,0.0730754948189618,0.07578685134030821,0.0027113565213464086,98,9,cached,27,Allen_2022-02-16,19
0.10726168202236294,-1.0,0.10726168202236294,0.0,-0.10726168202236294,39,83517.384765625,8281,5,0.4330650843515925,47348.9214872752,ok,14,0.5575981887314507,0.0453518816549336,0.2661550308325483,0.2914431578989024,0.025288127066354082,98,9,cached,27,Allen_2022-02-16,19
0.061183449810232556,0.9196417344482609,0.0024582979536110854,0.05872515185662147,0.05626685390301039,40,19907.632934570312,8281,5,0.16470780768589666,16628.690357701682,ok,14,0.22968573960921884,-0.9986341198516794,0.22952887801317656,0.00015686159604229031,-0.22937201641713428,98,9,cached,27,Allen_2022-02-16,19
0.020143075023467343,0.7918879803356521,0.0020960080126921337,0.018047067010775207,0.01595105899808307,43,1802.1400451660156,8280,5,0.5504795438999175,810.0988150592507,ok,14,0.07756187840580728,0.590159991460048,0.01589398045410538,0.06166789795170189,0.04577391749759651,98,9,cached,27,Allen_2022-02-16,19
0.024074737761353996,0.7097742815742488,0.003493554031350262,0.020581183730003734,0.017087629698653472,44,753.9347534179688,8280,5,0.19049429643173754,610.3144830101772,ok,13,0.02993423118944823,-0.4619953716877991,0.021881853727002937,0.008052377462445293,-0.013829476264557643,98,9,cached,27,Allen_2022-02-16,18
0.047823889262508607,-0.1995764404943669,0.028684205426058422,0.01913968383645018,-0.009544521589608241,46,16250.7421875,7511,5,0.2768934427664421,11751.018235693262,ok,10,0.21312838084219646,-0.7631957256058299,0.18789352505312612,0.025234855789070334,-0.16265866926405578,98,6,cached,27,Allen_2022-02-16,13
0.09116884729883168,-0.6091888302662254,0.07335394537076353,0.017814901928068144,-0.05553904344269539,48,37254.41259765625,8281,5,0.44864020074030264,20540.58545138169,ok,14,0.34846329695525735,0.3122625711330954,0.11982562595124667,0.22863767100401067,0.108812045052764,98,9,cached,27,Allen_2022-02-16,19
0.021844624660055465,-0.0759330690199202,0.011751677026040854,0.010092947634014611,-0.0016587293920262425,51,30336.688720703125,8281,5,0.3374093112071631,20100.80747514457,ok,14,0.3332450567304477,-0.054604548311710056,0.175720876265162,0.1575241804652857,-0.01819669579987629,98,9,cached,27,Allen_2022-02-16,19
0.06080131843918935,-0.5249705884168231,0.04636011117836461,0.01444120726082474,-0.03191890391753987,53,20583.867919921875,8280,5,0.43682939107352703,11592.229430524494,ok,14,0.28304285146296027,-0.973140550293881,0.2792416638461873,0.0038011876167729497,-0.27544047622941437,98,9,cached,27,Allen_2022-02-16,19
0.07754067439042653,0.7985645830103244,0.007809719039748113,0.06973095535067841,0.0619212363109303,54,55518.14697265625,8266,5,0.3926373915814606,33719.64655987634,ok,14,0.4368319649877473,0.19101557044415304,0.17669512900368622,0.26013683598406107,0.08344170698037484,98,9,cached,27,Allen_2022-02-16,19
0.028249810428557492,-0.09541788389875024,0.015472673780095647,0.012777136648461845,-0.0026955371316338024,55,10464.805603027344,8281,5,0.26343779980037896,7707.9802396271425,ok,14,0.133291457627638,-0.035998074392306845,0.06904484671758837,0.06424661091004964,-0.004798235807538728,98,9,cached,27,Allen_2022-02-16,19
0.04229982502389854,0.9384234016795795,0.0013023396672603364,0.040997485356638205,0.03969514568937787,56,34897.68115234375,8277,5,0.3264427244817344,23505.587038877784,ok,14,0.2980932234674886,0.18027214626513166,0.12217765914295646,0.17591556432453215,0.05373790518157569,98,9,cached,27,Allen_2022-02-16,19
0.044004136952571576,-0.3185666937908795,0.029011194687336685,0.01499294226523489,-0.014018252422101795,57,131660.560546875,8281,5,0.358639542430065,84441.87735625789,ok,14,0.6157560682372909,-0.1559521694057169,0.3558922814518155,0.25986378678547534,-0.09602849466634017,98,9,cached,27,Allen_2022-02-16,19
0.05490397279306005,-0.41904101886299105,0.03895549474594494,0.015948478047115112,-0.023007016698829826,58,11796.877075195312,8281,5,0.1642492136695416,9859.249291838241,ok,14,0.09459460800984139,-0.18498899990752382,0.056046784971113095,0.03854782303872829,-0.0174989619323848,98,9,cached,27,Allen_2022-02-16,19
0.025563180845347235,-0.5030315376356863,0.01921113350642069,0.006352047338926544,-0.012859086167494144,80,2050.8467407226562,8281,5,0.2992585442400204,1437.1133306346035,ok,14,0.05254043673242754,-0.451248309372782,0.03812460999082154,0.014415826741606,-0.02370878324921554,98,9,cached,27,Allen_2022-02-16,19
0.1370693782887732,-0.9949336321540624,0.13672215634336074,0.000347221945412457,-0.1363749343979483,88,28747.41455078125,8267,5,0.30437205585814364,19997.50488335365,ok,14,0.20266457223721474,-0.5030676110936901,0.15230927722295748,0.05035529501425725,-0.10195398220870022,98,9,cached,27,Allen_2022-02-16,19
0.04811383472600331,-0.2892411337823196,0.031015167416383823,0.017098667309619488,-0.013916500106764335,98,17489.67333984375,8271,5,0.30908404340575935,12083.894386118933,ok,14,0.2114181022276171,-0.015480672463769463,0.10734549831055727,0.1040726039170598,-0.003272894393497469,98,9,cached,27,Allen_2022-02-16,19
0.01642176351742819,-0.5942966413177313,0.01309058121017491,0.003331182307253282,-0.009759398902921627,100,818.5677337646484,4325,5,0.21230481691793102,644.7818609128191,ok,10,0.03648167619636904,0.36075578226147237,0.011660350280969093,0.02482132591539994,0.013160975634430848,98,8,cached,27,Allen_2022-02-16,15
0.19207023959606886,-0.6397443302858054,0.15747304319714506,0.0345971963989238,-0.12287584679822125,101,123662.1064453125,8281,5,0.24649290199910312,93180.27496028543,ok,14,0.41687181639329846,0.2631452669655116,0.1535869854890431,0.26328483090425536,0.10969784541521227,98,9,cached,27,Allen_2022-02-16,19
0.11133544128388168,-0.576981182136558,0.08778694790477554,0.023548493379106132,-0.0642384545256694,102,81301.77734375,5735,5,0.2463127574927969,61276.11237714554,ok,5,0.5844078845034044,-0.2090220828666179,0.3532810188829899,0.23112686562041446,-0.12215415326257545,98,6,cached,27,Allen_2022-02-16,8
0.18099621829654403,-0.31456155310236633,0.11896533491477992,0.0620308833817641,-0.05693445153301582,103,63464.1806640625,8273,5,0.25321922166331734,47393.83023280844,ok,14,0.2991950732345382,0.35925436863807736,0.09585396805002044,0.20334110518451778,0.10748713713449734,98,9,cached,27,Allen_2022-02-16,19
0.07591587922070175,-0.29528598067002765,0.04916638703240703,0.026749492188294734,-0.022416894844112294,106,18375.093994140625,8281,5,0.39095553436955877,11191.249302570508,ok,14,0.20726625945341465,-0.03467584025498619,0.10722669557823489,0.10003956387517976,-0.007187131703055127,98,9,cached,27,Allen_2022-02-16,19
0.14804087630473078,-0.6745805769119219,0.12395318802446127,0.02408768828026951,-0.09986549974419176,110,145506.30078125,8281,5,0.43426874605041954,82317.46199854137,ok,14,0.6904343610241389,0.008518544566584704,0.3422764325747267,0.34815792844941224,0.0058814958746855606,98,9,cached,27,Allen_2022-02-16,19
0.02569363053286603,-0.6854997654288794,0.021653304118080995,0.004040326414785038,-0.017612977703295958,111,17245.194091796875,8281,5,0.39694907132382007,10399.730312259077,ok,14,0.23692348342568342,0.24711292560583206,0.08918831414581897,0.14773516927986446,0.05854685513404549,98,9,cached,27,Allen_2022-02-16,19
0.14272874494393667,-0.8857178316026818,0.13457306971152624,0.008155675232410434,-0.12641739447911582,112,51373.55517578125,8281,5,0.2194508010109557,40099.58734167553,ok,14,0.24486284662937882,0.060377567226960936,0.11503931182281424,0.12982353480656458,0.014784222983750345,98,9,cached,27,Allen_2022-02-16,19
0.023449897622534382,-0.45617290638937424,0.017073552787769584,0.006376344834764799,-0.010697207953004786,113,7788.855041503906,8281,5,0.2968654348480322,5476.613202639562,ok,14,0.14738775268391086,0.030194425208770193,0.0714687321044039,0.07591902057950696,0.004450288475103065,98,9,cached,27,Allen_2022-02-16,19
0.032110344416529796,0.16730591354095722,0.01336904695490375,0.018741297461626043,0.005372250506722293,116,10097.458862304688,8281,5,0.349198355831972,6571.442829506916,ok,14,0.15697645110582623,0.4606103175714385,0.04233573905536711,0.11464071205045911,0.072304972995092,98,9,cached,27,Allen_2022-02-16,19
0.01665854163208375,0.27330547098734936,0.0060528355326823656,0.010605706099401382,0.004552870566719017,117,2020.7802429199219,8281,5,0.23928374371380934,1537.240381171142,ok,14,0.05342744251004963,0.35075145149129927,0.01734384475009089,0.036083597759958744,0.018739753009867854,98,9,cached,27,Allen_2022-02-16,19
0.03226913245404527,0.3721929246940097,0.010129394834317887,0.022139737619727384,0.012010342785409496,119,12062.198120117188,8281,5,0.25073666699288666,9037.762766871141,ok,14,0.1670050195515311,0.23854692702250932,0.06358324267008963,0.10342177688144147,0.039838534211351834,98,9,cached,27,Allen_2022-02-16,19
0.1033102910538825,0.8982667725128233,0.005255044670775533,0.09805524638310696,0.09280020171233143,120,12262.474975585938,8281,5,0.32071522669610886,8329.712533935532,ok,14,0.10837925695947584,0.7181081336669627,0.01527561550804724,0.0931036414514286,0.07782802594338137,98,9,cached,27,Allen_2022-02-16,19
0.10326487025255725,0.6312972767971173,0.019037019436655103,0.08422785081590214,0.06519083137924704,121,24657.7958984375,8281,5,0.3131240287242205,16936.84750725919,ok,14,0.22397895062507212,0.1500785898760383,0.09518225277667323,0.12879669784839887,0.03361444507172563,98,9,cached,27,Allen_2022-02-16,19
0.1076515227711449,-0.06480639803127498,0.05731401510226229,0.05033750766888261,-0.006976507433379679,122,30159.1865234375,8279,5,0.39851407097315406,18140.326324743735,ok,13,0.27191121468398105,0.07669874568381682,0.12552798279017832,0.1463832318938027,0.02085524910362438,98,9,cached,27,Allen_2022-02-16,18
0.0944637727846081,0.8741149150402604,0.005945790031303962,0.08851798275330414,0.08257219272200017,123,50370.0751953125,8281,5,0.2899500333667727,35765.27021174479,ok,14,0.37569803590886297,0.15489988017395762,0.15875122758249444,0.21694680832636853,0.0581955807438741,98,9,cached,27,Allen_2022-02-16,19
0.050073251089391604,0.6390000697896354,0.009038220074338217,0.04103503101505339,0.03199681094071517,126,145664.474609375,8281,5,0.3224610115876003,98693.36077445961,ok,14,0.6777220838936046,0.0841022307253306,0.3103620724131664,0.3673600114804382,0.0569979390672718,98,9,cached,27,Allen_2022-02-16,19
0.11122045253093042,0.9339314336856058,0.0036740879217783606,0.10754636460915207,0.10387227668737371,132,92014.0009765625,8281,5,0.39168858094079806,55973.16750736753,ok,14,0.5227544722836077,0.2884269777076567,0.18598898987984286,0.3367654824037648,0.15077649252392195,98,9,cached,27,Allen_2022-02-16,19
0.08011021486793955,1.0,0.0,0.08011021486793955,0.08011021486793955,133,42746.57177734375,8281,5,0.3482301468093244,27860.926811724014,ok,14,0.38037940025145267,0.015317904689969682,0.18727639242618654,0.19310300782526613,0.005826615399079582,98,9,cached,27,Allen_2022-02-16,19
0.07885953892837277,0.37469567398000214,0.024655605419926965,0.054203933508445816,0.02954832808851885,135,32605.19775390625,8281,5,0.46391656003332726,17479.106572707693,ok,14,0.3199707572620052,0.15076575279317078,0.13586506258579903,0.18410569467620616,0.04824063209040713,98,9,cached,27,Allen_2022-02-16,19
0.030992034904678195,0.7089993374337622,0.004509351345768664,0.026482683558909533,0.02197333221314087,137,31758.90576171875,8281,5,0.37720092114692494,19779.417253780055,ok,14,0.31746631940671555,0.07855352553615436,0.1462641103891656,0.17120220901754996,0.024938098628384364,98,9,cached,27,Allen_2022-02-16,19
0.17925887123904738,-0.35778416273661573,0.12169742819921037,0.057561443039837,-0.06413598515937337,139,668835.15625,8281,5,0.3009985745844558,467516.72758677823,ok,14,1.2327212065147857,-0.3971730672926334,0.8611624346114695,0.37155877190331627,-0.4896036627081532,98,9,cached,27,Allen_2022-02-16,19
0.03112602043559794,0.03768695305770553,0.014976487782284189,0.01614953265331375,0.0011730448710295625,33,38029.1171875,7050,5,0.3652524255955556,24138.88989150799,ok,13,0.36534729781560604,-0.07766862680453052,0.196861660371845,0.16848563744376102,-0.02837602292808397,112,11,cached,40,Allen_2022-02-18,19
0.0434372723250514,0.37267692531468394,0.013624601615447318,0.029812670709604087,0.01618806909415677,52,6762.6005859375,7050,5,0.4727202585142314,3565.782288724632,ok,13,0.1045407901168801,0.5553721992150514,0.023240870800994646,0.08129991931588545,0.05805904851489081,112,11,cached,40,Allen_2022-02-18,19
0.08373948432660351,-0.8474901322594516,0.0773539354869475,0.006385548839656018,-0.07096838664729148,53,66413.4755859375,7050,5,0.3502068237190392,43155.02324884437,ok,13,0.3983123846817762,-0.2727135967989375,0.2534687938789527,0.14484359080282352,-0.10862520307612919,112,11,cached,40,Allen_2022-02-18,19
0.07154964059203242,-0.7316540321251561,0.06194961181414935,0.009600028777883081,-0.052349583036266266,56,11128.101928710938,7050,5,0.23855290137346552,8473.460926837286,ok,13,0.09599951510172106,-0.13465736620979513,0.05446327848136813,0.04153623662035292,-0.01292704186101521,112,11,cached,40,Allen_2022-02-18,19
0.05459172373618155,-0.5629294883234168,0.04266150742284178,0.011930216313339771,-0.030731291109502006,60,11006.8974609375,7050,5,0.1521131374711897,9332.603754330625,ok,13,0.05518136700799612,-0.1710879477063483,0.032311116920512487,0.022870250087483633,-0.009440866833028853,112,11,cached,40,Allen_2022-02-18,19
0.02127803548889157,0.2275257225649409,0.00821836754475953,0.01305966794413204,0.0048413003993725105,61,21253.358642578125,7050,5,0.24149906370218444,16120.692429868777,ok,13,0.20179649253065388,-0.3704751603707158,0.1382785402315979,0.06351795229905596,-0.07476058793254195,112,11,cached,40,Allen_2022-02-18,19
0.028600077715236698,-0.687033754095439,0.024124648237678535,0.004475429477558161,-0.019649218760120372,62,12753.457397460938,7050,5,0.2986701030435772,8944.380962399408,ok,13,0.1584336711249004,-0.04365079957148246,0.0826747137742738,0.0757589573506266,-0.006915756423647196,112,11,cached,40,Allen_2022-02-18,19
0.016322412295752053,-0.11093182830024738,0.009066543666995133,0.007255868628756919,-0.0018106750382382132,69,1913.25830078125,7050,5,0.4498736876046395,1052.5337336686025,ok,13,0.06398531840992898,0.1268661710922308,0.02793387302857203,0.03605144538135695,0.008117572352784916,112,11,cached,40,Allen_2022-02-18,19
0.07893812780578932,-0.04162849895083918,0.04111210178816691,0.0378260260176224,-0.0032860757705445096,76,37710.0615234375,7050,5,0.4550023664509889,20551.894291261055,ok,13,0.30548718374921013,-0.04424626201934211,0.15950192486246428,0.14598525888674582,-0.013516665975718462,112,11,cached,40,Allen_2022-02-18,19
0.05885306863468335,0.7406178628071176,0.007632717361411778,0.05122035127327157,0.04358763391185979,77,42946.6455078125,7050,5,0.38078925265104135,26593.024461023375,ok,13,0.32819050704905145,-0.08345149072169752,0.17778924705150229,0.15040125999754916,-0.027387987053953122,112,11,cached,40,Allen_2022-02-18,19
0.13984072289507216,0.11116519499963194,0.06214765083277598,0.07769307206229617,0.015545421229520191,78,275081.33203125,7050,5,0.5515663299029804,123355.73129795027,ok,13,0.9560170442525608,0.21486400735940825,0.3753016955102794,0.5807153487422814,0.20541365323200195,112,11,cached,40,Allen_2022-02-18,19
0.06316329299491676,-0.29903978095989014,0.04102581514841101,0.022137477846505743,-0.01888833730190527,111,24508.75390625,7044,5,0.42752240529647945,14030.712485430515,ok,12,0.22770416363443172,0.15647231921587795,0.0960373825277202,0.1316667811067115,0.035629398578991306,112,11,cached,40,Allen_2022-02-18,18
0.0751575026117886,-1.0,0.0751575026117886,0.0,-0.0751575026117886,117,36421.6171875,7050,5,0.40146174849401317,21799.73106842665,ok,13,0.28459897035111986,-0.2060303150542396,0.17161749293833664,0.11298147741278322,-0.05863601552555342,112,11,cached,40,Allen_2022-02-18,19
0.097668324856204,-0.6443361274181402,0.08029977753273368,0.017368547323470318,-0.06293123020926336,134,96826.6474609375,7050,5,0.29756829502824245,68014.10706268562,ok,13,0.39255442664871226,-0.3461009827668678,0.26420894975065795,0.1283454768980543,-0.13586347285260364,112,11,cached,40,Allen_2022-02-18,19
0.07162422762485221,0.3346397828366604,0.023827955823314068,0.04779627180153814,0.023968315978224075,136,155246.29296875,7050,5,0.3418340969762531,102177.81660286651,ok,13,0.602075323695317,-0.02848596438409457,0.309613009961322,0.292462313733995,-0.01715069622732701,112,11,cached,40,Allen_2022-02-18,19
0.16317569675544896,-0.9327009168821656,0.1576849093660712,0.005490787389377756,-0.15219412197669346,144,97197.2158203125,4780,4,0.11900461521708305,85630.29855144443,ok,4,0.38971703288455806,-0.6341726642878666,0.3184324609736602,0.07128457191089789,-0.2471478890627623,112,1,cached,40,Allen_2022-02-18,4
0.1321965628808054,0.6555290129688679,0.022768940248837077,0.10942762263196831,0.08665868238313124,149,53106.3330078125,7050,5,0.5333822402932372,24780.358134346778,ok,13,0.38079021649900824,0.30792821103340867,0.13176708317672214,0.24902313332228612,0.11725605014556398,112,11,cached,40,Allen_2022-02-18,19
0.04938077662566987,0.45373952310619114,0.013487383294462536,0.035893393331207335,0.0224060100367448,150,10801.234252929688,7050,5,0.5219144004599309,5163.91455358462,ok,13,0.14863575664542927,0.29438911813288354,0.05243950366178372,0.09619625298364554,0.04375674932186181,112,11,cached,40,Allen_2022-02-18,19
0.09385613125244466,0.6478676591711431,0.01652488959953189,0.07733124165291277,0.060806352053380884,151,72671.384765625,7050,5,0.46706285351923393,38729.280427798,ok,13,0.4593053124195043,0.0406926709642411,0.22030747623454472,0.23899783618495957,0.018690359950414848,112,11,cached,40,Allen_2022-02-18,19
0.05057042204474177,0.20792485350198409,0.020027787224777664,0.030542634819964103,0.010514847595186439,152,9597.534790039062,7050,5,0.29941685103265336,6723.871145529229,ok,13,0.11305467570588615,-0.26287460196304735,0.07138693929106618,0.04166773641481996,-0.02971920287624622,112,11,cached,40,Allen_2022-02-18,19
0.053819468376120005,0.2723068869941572,0.019582028241469138,0.03423744013465087,0.01465541189318173,154,53322.5546875,7050,5,0.3708560496109816,33547.56270092822,ok,13,0.3560897454076136,-0.10550533277277892,0.196829556246909,0.1592601891607046,-0.0375693670862044,112,11,cached,40,Allen_2022-02-18,19
0.1230091519881777,-0.9453822384044136,0.11964990971949493,0.003359242268682769,-0.11629066745081217,0,37416.9638671875,7466,5,0.5283825827925055,17646.49185878911,ok,12,0.41962185159015164,-0.06675821882189568,0.223817529490528,0.19580432209962362,-0.028013207390904377,88,0,cached,26,Allen_2022-02-24,13
0.15253340005874633,-1.0,0.15253340005874633,0.0,-0.15253340005874633,2,35671.82568359375,7466,5,0.3981098854796058,21470.51924584978,ok,12,0.41165618917972713,0.003308875903672108,0.2051470349673764,0.2065091542123507,0.0013621192449742858,88,0,cached,26,Allen_2022-02-24,13
0.40007715424677975,0.8911273527598532,0.021778729441575714,0.37829842480520404,0.3565196953636283,22,60084.2451171875,7466,5,0.6464525681791765,21242.630554074494,ok,12,0.13737651686145302,0.6583080615725247,0.023470224170402315,0.11390629269105072,0.09043606852064841,88,0,cached,26,Allen_2022-02-24,13
0.13721971361992472,0.7095998784972687,0.019924310753898077,0.11729540286602665,0.09737109211212858,24,32181.9560546875,7466,5,0.07594490585913938,29737.9004317513,ok,12,0.4008524050703272,-0.8515741806083008,0.3711039817314789,0.02974842333884832,-0.3413555583926306,88,0,cached,26,Allen_2022-02-24,13
0.49373302645981315,-1.0,0.49373302645981315,0.0,-0.49373302645981315,28,193089.046875,7463,5,0.42012209476611573,111968.07202548228,ok,12,0.5596617863203088,-0.668510375377126,0.4669007485887657,0.09276103773154318,-0.37413971085722253,88,0,cached,26,Allen_2022-02-24,13
0.28918786353121195,-1.0,0.28918786353121195,0.0,-0.28918786353121195,29,83641.216796875,7465,5,0.42950769365399255,47716.67067603564,ok,12,0.6345301639890143,0.29080069193168984,0.22500417662474018,0.40952598736427415,0.18452181073953397,88,0,cached,26,Allen_2022-02-24,13
0.4386589136129866,-0.9348293049411674,0.42436506046603123,0.014293853146955368,-0.41007120731907587,33,716354.09375,7436,5,0.39852405516000744,430869.75537827786,ok,12,1.786583243823649,-0.12885811220652216,1.0083994939612846,0.7781837498623645,-0.2302157440989201,88,0,cached,26,Allen_2022-02-24,13
0.393816277073347,0.48912528465968547,0.10059538922311428,0.2932208878502327,0.19262549862711842,39,197493.388671875,7466,5,0.42625168488992127,113311.49899586818,ok,12,0.7247262372751719,0.22163927305857758,0.2820492204395123,0.44267701683565963,0.16062779639614733,88,0,cached,26,Allen_2022-02-24,13
0.12789895051391795,-0.2953619018938582,0.0828377138939686,0.045061236619949346,-0.037776477274019254,42,39560.63330078125,7466,5,0.4808803041137416,20536.70392816935,ok,12,0.41390799626988917,-0.23022989917746067,0.25460099625992527,0.15930700000996392,-0.09529399624996135,88,0,cached,26,Allen_2022-02-24,13
0.2985134111135267,-0.966992116996358,0.293586763239,0.004926647874526681,-0.28866011536447334,48,470772.8984375,7466,5,0.46168507881114307,253424.07572023256,ok,12,1.582760424904215,-0.30369132275009875,1.0317155159699423,0.5510449089342728,-0.48067060703566944,88,0,cached,26,Allen_2022-02-24,13
0.22621933023134866,-0.7948758604838961,0.2030178075035413,0.023201522727807365,-0.17981628477573391,49,140507.6015625,3676,3,0.4270411761953268,80505.07012686567,ok,3,1.09491499774158,-0.34332018594925073,0.7354107091824214,0.35950428855915867,-0.3759064206232627,88,0,cached,26,Allen_2022-02-24,3
0.1619950420562721,0.47907138078120565,0.04219392678933218,0.11980111526693993,0.07760718847760775,50,124542.142578125,7466,5,0.41450112355698776,72919.28454929762,ok,12,0.7602667081325005,-0.5211031600880933,0.5782220461250593,0.18204466200744115,-0.39617738411761816,88,0,cached,26,Allen_2022-02-24,13
0.34137951210917283,-0.9490054800385505,0.3326752699368323,0.008704242172340552,-0.3239710277644917,52,819622.46875,7443,5,0.48893344398625693,418881.6323355443,ok,12,2.0093690037184087,-0.7512490883512624,1.7594528179615736,0.2499161857568349,-1.5095366322047388,88,0,cached,26,Allen_2022-02-24,13
0.3074055675417185,-1.0,0.3074055675417185,0.0,-0.3074055675417185,58,627235.5,7436,5,0.31206444362451036,431497.60267095844,ok,12,1.7736917222151534,-0.113908507836553,0.9878651498273636,0.7858265723877896,-0.20203857743957399,88,0,cached,26,Allen_2022-02-24,13
0.09050278216988471,0.6678695744768329,0.01502936377655715,0.07547341839332755,0.0604440546167704,62,46159.871337890625,7466,5,0.08399970461144668,42282.45578060543,ok,12,0.24234361017006453,-0.5144043844100533,0.18350311288765325,0.05884049728241129,-0.12466261560524197,88,0,cached,26,Allen_2022-02-24,13
0.052398527436889705,-0.5858073247563677,0.0415469843079336,0.010851543128956111,-0.030695441178977486,68,48433.1357421875,7466,5,0.4104461708343564,28553.940635306033,ok,12,0.3501861051889137,0.9044705624332423,0.016726540836195153,0.3334595643527185,0.3167330235165233,88,0,cached,26,Allen_2022-02-24,13
0.21069491673260926,-1.0,0.21069491673260926,0.0,-0.21069491673260926,69,44121.8486328125,7466,5,0.43067287436563306,25119.765259793763,ok,12,0.5015043934225105,-0.1421713086397072,0.2864019646619757,0.21510242876053481,-0.07129953590144089,88,0,cached,26,Allen_2022-02-24,13
0.06111409789931107,-0.8065065917222385,0.05520151035113183,0.005912587548179243,-0.049288922802952585,70,110152.98828125,7466,5,0.3394167488772697,72765.21911971214,ok,12,0.8112960071496976,-0.22944504255234216,0.49872192701635265,0.312574080133345,-0.18614784688300767,88,0,cached,26,Allen_2022-02-24,13
0.03666179737920174,0.8295854576905305,0.0031238517103095854,0.033537945668892157,0.03041409395858257,75,17784.45654296875,7466,5,0.48718296135156114,9120.172338337086,ok,12,0.2933481364006487,0.44608213803733376,0.08124538626288996,0.21210275013775876,0.1308573638748688,88,0,cached,26,Allen_2022-02-24,13
0.6674242561062177,-1.0,0.6674242561062177,0.0,-0.6674242561062177,78,306667.19140625,7466,5,0.37180596028347757,192646.5018180122,ok,12,1.2604916835048545,0.10670178504877963,0.5629974854178726,0.697494198086982,0.13449671266910934,88,0,cached,26,Allen_2022-02-24,13
0.17687944173812867,-1.0,0.17687944173812867,0.0,-0.17687944173812867,79,73564.80859375,7466,5,0.32012892456984254,50014.5855324465,ok,12,0.5759521071178217,0.3024341129754938,0.2008822712426384,0.3750698358751834,0.17418756463254498,88,0,cached,26,Allen_2022-02-24,13
0.7432147189974785,-1.0,0.7432147189974785,0.0,-0.7432147189974785,80,248075.75,7447,5,0.3046952195784687,172488.2548816567,ok,12,0.886555957584157,-0.27714507076549805,0.566130285593196,0.32042567199096095,-0.24570461360223506,88,0,cached,26,Allen_2022-02-24,13
0.14358750485504665,-1.0,0.14358750485504665,0.0,-0.14358750485504665,82,38278.8408203125,7466,5,0.33288031689454955,25536.568157690854,ok,12,0.4166574630677739,0.09717048707108,0.1880853272198389,0.228572135847935,0.040486808628096116,88,0,cached,26,Allen_2022-02-24,13
0.1566240247028569,-1.0,0.1566240247028569,0.0,-0.1566240247028569,84,50821.33740234375,7466,5,0.3208316307476392,34516.244846773814,ok,12,0.480800993872496,0.18086642528424546,0.1969201184188326,0.28388087545366336,0.08696075703483075,88,0,cached,26,Allen_2022-02-24,13
0.07498453856581666,-0.9767964620328607,0.07411458527203649,0.0008699532937801759,-0.07324463197825631,91,25813.08984375,7466,5,0.5260007263553088,12235.385836462654,ok,12,0.420158754180496,0.05320803837952495,0.19890146553128338,0.2212572886492126,0.02235582311792922,88,0,cached,26,Allen_2022-02-24,13
0.1077862114858969,-0.45236520353624804,0.07827247149155786,0.029513739994339032,-0.04875873149721883,104,35667.08251953125,7466,5,0.5116002140448852,17419.79546818248,ok,12,0.41088914081919936,0.2529250394570394,0.15348249433251718,0.2574066464866822,0.10392415215416503,88,0,cached,26,Allen_2022-02-24,13
0.1460198988439515,0.9627058490047999,0.002722844077895085,0.14329705476605642,0.14057421068816134,106,15182.549560546875,7466,5,0.5193726031933877,7297.149272173019,ok,12,0.15298081772537747,0.0896439974718149,0.06963350284398377,0.08334731488139369,0.013713812037409914,88,0,cached,26,Allen_2022-02-24,13
0.14904430251917802,0.2230271623726709,0.05790168733025591,0.09114261518892211,0.0332409278586662,108,66231.9404296875,7466,5,0.6097622553296995,25846.20305841894,ok,12,0.6140125535680757,0.4625853585463337,0.16498966816191873,0.449022885406157,0.28403321724423825,88,0,cached,26,Allen_2022-02-24,13
0.08018875843651282,0.1577061129848905,0.033771250519203024,0.04641750791730981,0.012646257398106785,111,26992.5341796875,7466,5,0.4504643110191743,14833.360867773059,ok,12,0.34086384439142425,0.34948015649769065,0.11086934735455241,0.22999449703687183,0.11912514968231942,88,0,cached,26,Allen_2022-02-24,13
0.0728297087616132,0.3187412014663659,0.024807939944245544,0.04802176881736765,0.023213828873122108,113,35898.517578125,7466,5,0.5575110307748379,15884.698039855894,ok,12,0.39789718173560684,0.6437685099112405,0.07087175297589662,0.32702542875971025,0.25615367578381365,88,0,cached,26,Allen_2022-02-24,13
0.07608589315786957,-1.0,0.07608589315786957,0.0,-0.07608589315786957,116,3858.4059448242188,7465,5,0.31286295828042354,2651.253646679741,ok,12,0.11576563365318485,0.11012689230447055,0.05150836209165088,0.06425727156153396,0.01274890946988308,88,0,cached,26,Allen_2022-02-24,13
0.10715688729348281,0.6611494671709104,0.01815508417785168,0.08900180311563113,0.07084671893777945,118,41869.54541015625,7462,5,0.42943350243484535,23889.35987931805,ok,12,0.3644662595392826,0.44579303498068185,0.10099486977560446,0.2634713897636781,0.16247651998807366,88,0,cached,26,Allen_2022-02-24,13
0.2323112648834164,-0.6118880946156658,0.18722988105534266,0.04508138382807375,-0.1421484972272689,127,63521.8994140625,7466,5,0.535579685638764,29500.860494701723,ok,12,0.536082379812918,0.20477654074244173,0.21315264226092645,0.32292973755199156,0.10977709529106511,88,0,cached,26,Allen_2022-02-24,13
0.1540109572904233,0.495367138002591,0.03885949507821351,0.11515146221220979,0.07629196713399627,130,22131.822509765625,7466,5,0.34270624870932,14547.10864034336,ok,12,0.24982606073026545,-0.1381938658014648,0.14217524492026617,0.10765081580999927,-0.0345244291102669,88,0,cached,26,Allen_2022-02-24,13
0.3235347894253209,0.9668753435790226,0.00535848936997354,0.31817630005534736,0.31281781068537384,136,209030.80078125,7466,5,0.5191319234809397,100516.23910491855,ok,12,1.2647235541255215,-0.23641914868237077,0.7818642100552098,0.4828593440703117,-0.29900486598489806,88,0,cached,26,Allen_2022-02-24,13
0.4906970517865072,-0.7269353944678685,0.42370105334557595,0.06699599844093124,-0.3567050549046447,138,2082974.09375,7455,5,0.5380478865542411,962234.284860577,ok,12,3.4390396730663877,-0.6227584814753686,2.7903653987993797,0.648674274267008,-2.1416911245323718,88,0,cached,26,Allen_2022-02-24,13
0.3064008901827038,0.8063888146037516,0.0296613197773695,0.27673957040533426,0.24707825062796476,139,454407.2421875,7466,5,0.4619117738506364,244511.18689809612,ok,12,1.730237162524524,-0.07417760917632561,0.9292910092743114,0.8009461532502127,-0.12834485602409873,88,0,cached,26,Allen_2022-02-24,13
0.21855025049299004,-1.0,0.21855025049299004,0.0,-0.21855025049299004,140,402288.9921875,7466,5,0.3219914370158514,272755.38149738824,ok,12,1.4580227413127433,-0.794284003428215,1.308053440686005,0.14996930062673836,-1.1580841400592665,88,0,cached,26,Allen_2022-02-24,13
0.18792891688644886,-1.0,0.18792891688644886,0.0,-0.18792891688644886,141,93761.4638671875,7466,5,0.19866330333027338,75134.50173024996,ok,12,0.7779532824216101,-0.24389628457831328,0.483846598789872,0.2941066836317381,-0.18973991515813393,88,0,cached,26,Allen_2022-02-24,13
0.20523026008158923,-1.0,0.20523026008158923,0.0,-0.20523026008158923,142,103631.154296875,7465,5,0.09441798030426707,93846.5100115642,ok,11,0.6835033689936003,-0.3649902412018761,0.4664877142524347,0.21701565474116558,-0.2494720595112691,88,0,cached,26,Allen_2022-02-24,12
0.5998087608876327,-0.9936609296017407,0.597907645907253,0.0019011149803797403,-0.5960065309268733,143,382052.0078125,7463,5,0.3742699962270476,239061.40428997966,ok,11,1.3421562512851475,-0.7255543319302414,1.15798176676617,0.18417448451897755,-0.9738072822471925,88,0,cached,26,Allen_2022-02-24,12
0.382581097073853,-1.0,0.382581097073853,0.0,-0.382581097073853,144,616144.2890625,7466,5,0.28298236459228643,441786.3212135605,ok,12,1.7579103772761302,-0.6080433024175445,1.41339800421459,0.34451237306154026,-1.0688856311530497,88,0,cached,26,Allen_2022-02-24,13
0.2060277609154582,-1.0,0.2060277609154582,0.0,-0.2060277609154582,145,54700.30517578125,7466,5,0.31696459740704463,37362.24496769727,ok,12,0.441332473049988,-0.6471118433287514,0.3634619716031011,0.07787050144688692,-0.2855914701562142,88,0,cached,26,Allen_2022-02-24,13
0.16277894787490368,-0.7028405212406109,0.13859329422314962,0.024185653651754065,-0.11440764057139555,146,162517.1904296875,7460,5,0.28197475313414355,116691.44577822177,ok,12,1.131219709198922,-1.0,1.131219709198922,0.0,-1.131219709198922,88,0,cached,26,Allen_2022-02-24,13
0.7858694608012835,-1.0,0.7858694608012835,0.0,-0.7858694608012835,154,904447.328125,7466,5,0.3399742390436602,596958.5359906314,ok,12,2.192043362596693,-0.3643280754031303,1.4953331510458763,0.696710211550817,-0.7986229394950592,88,0,cached,26,Allen_2022-02-24,13
0.25215530941883724,-1.0,0.25215530941883724,0.0,-0.25215530941883724,159,80408.125,7466,5,0.2545271387878907,59942.07500845094,ok,12,0.6359879777017341,-0.11451885150893644,0.3544102952408139,0.28157768246092024,-0.07283261277989367,88,0,cached,26,Allen_2022-02-24,13
0.8332906752824784,-1.0,0.8332906752824784,0.0,-0.8332906752824784,162,656860.3125,7456,5,0.30463812737301,456755.61695434985,ok,12,1.6416145279343861,-0.13322783897099627,0.9301616419572383,0.7114528859771478,-0.21870875598009043,88,0,cached,26,Allen_2022-02-24,13
0.15857812534474458,-0.9494464232735853,0.1545697796313713,0.004008345713373275,-0.15056143391799803,163,15327.001708984375,5157,5,0.3826094812768318,9462.745535580749,ok,8,0.27456223577610217,-0.04122796203662551,0.14294093860468518,0.13162129717141702,-0.011319641433268163,88,0,cached,26,Allen_2022-02-24,9
0.050918760752392704,-0.7099408175614306,0.04353403369508063,0.007384727057312073,-0.03614930663776856,19,39465.06103515625,9356,5,0.32540804030937653,26622.81286301612,ok,19,0.3114227730121153,-0.16986896013465505,0.18216191781296703,0.1292608551991483,-0.052901062613818745,98,2,cached,36,Allen_2022-03-02,19
0.08043408414087026,-0.7802196674727978,0.07159516926136955,0.008838914879500712,-0.06275625438186884,20,25022.885986328125,9356,5,0.2489891406636755,18792.459107667157,ok,19,0.28443639762842093,-0.39684936325829573,0.1986574004573716,0.08577899717104934,-0.11287840328632226,98,2,cached,36,Allen_2022-03-02,19
0.11468669574630137,-0.8015187456001692,0.10330511612895256,0.011381579617348814,-0.09192353651160375,29,24238.12109375,9344,5,0.39261640841689194,14721.837043148165,ok,19,0.2113153748189992,0.024982044378841096,0.10301814237366975,0.10829723244532943,0.005279090071659678,98,2,cached,36,Allen_2022-03-02,19
0.0894209031946957,1.0,0.0,0.0894209031946957,0.0894209031946957,31,64971.87109375,9356,5,0.292117438250566,45992.45455149775,ok,19,0.43435836329784555,0.4309268500137614,0.12359084101238599,0.31076752228545956,0.18717668127307358,98,2,cached,36,Allen_2022-03-02,19
0.39247530676754344,0.6874751322242516,0.0613291466763864,0.33114616009115705,0.26981701341477066,32,293885.8671875,9354,5,0.5636840730336745,128227.08456421646,ok,19,0.7802453724691684,0.6364220060661001,0.14184002364927437,0.638405348819894,0.4965653251706196,98,2,cached,36,Allen_2022-03-02,19
0.018772599868437587,0.410334043656311,0.00553478152723983,0.013237818341197756,0.007703036813957926,39,993.9908447265625,9356,5,0.20216029933149127,793.0453580238787,ok,19,0.05085839192579442,-0.9652588471604412,0.04997495234226032,0.0008834395835341032,-0.04909151275872622,98,2,cached,36,Allen_2022-03-02,19
0.131563516605335,-0.9760723701710946,0.12998951504317424,0.0015740015621607513,-0.1284155134810135,43,36071.62548828125,9356,5,0.39013294883311755,21998.895867334242,ok,19,0.3055048213534368,-0.1724304369209149,0.179091575590428,0.12641324576300883,-0.05267832982741916,98,2,cached,36,Allen_2022-03-02,19
0.10397715209207187,-1.0,0.10397715209207187,0.0,-0.10397715209207187,45,31615.53076171875,9342,5,0.3687517443724815,19957.24864407311,ok,19,0.28111273789157476,-0.12046147331644223,0.15748799623300636,0.1236247416585684,-0.03386325457443795,98,2,cached,36,Allen_2022-03-02,19
0.42622568955800183,-0.9698821251218426,0.4198071835640197,0.00641850599398216,-0.41338867757003755,47,552865.34375,9356,5,0.4643742775680515,296128.8991536813,ok,19,1.4033218500204385,0.11709959491853536,0.6194967149213577,0.7838251350990807,0.16432842017772298,98,2,cached,36,Allen_2022-03-02,19
0.35204574565092717,-1.0,0.35204574565092717,0.0,-0.35204574565092717,50,147956.1328125,9356,5,0.4516541425054095,81131.13251865383,ok,19,0.502921773151805,-0.5084265047675012,0.3793102662234257,0.12361150692837936,-0.2556987592950463,98,2,cached,36,Allen_2022-03-02,19
0.1669481363768379,-1.0,0.1669481363768379,0.0,-0.1669481363768379,52,140843.931640625,9356,5,0.10021268196485544,126729.5835124432,ok,19,0.4055278928989235,-0.5820487260581871,0.32078244317090143,0.08474544972802205,-0.23603699344287937,98,2,cached,36,Allen_2022-03-02,19
0.2146442118411263,-1.0,0.2146442118411263,0.0,-0.2146442118411263,53,275403.5546875,9356,5,0.21212263094378725,216984.2280959163,ok,19,0.7716547484082792,-0.29130010230218073,0.4982189277807872,0.27343582062749194,-0.22478310715329525,98,2,cached,36,Allen_2022-03-02,19
0.28793281453351177,-1.0,0.28793281453351177,0.0,-0.28793281453351177,54,599462.578125,7976,5,0.49886114149044414,300413.99212075793,ok,15,1.484250242014726,-0.5174294827379623,1.1261225384970506,0.3581277035176755,-0.767994834979375,98,1,cached,36,Allen_2022-03-02,15
0.37543442174792285,-1.0,0.37543442174792285,0.0,-0.37543442174792285,58,551233.4765625,9356,5,0.24765261041295172,414719.06714479026,ok,19,1.0188035084245106,-0.23160289078658827,0.6273806730595728,0.3914228353649379,-0.2359578376946349,98,2,cached,36,Allen_2022-03-02,19
0.09055533554589298,-0.6484669021161783,0.07463873672871463,0.015916598817178364,-0.058722137911536264,63,22263.59033203125,9356,5,0.49635158429346493,11213.021998666869,ok,19,0.2628657152313584,0.34570136340337276,0.08599633954193753,0.17686937568942085,0.09087303614748332,98,2,cached,36,Allen_2022-03-02,19
0.2013225612269404,-0.6885133507922169,0.16996791622368618,0.031354645003254224,-0.13861327122043196,64,226158.2265625,9356,5,0.42492785990413917,130057.29534958143,ok,19,0.829720766807849,0.3547110161475741,0.2677048352473463,0.5620159315605028,0.2943110963131565,98,2,cached,36,Allen_2022-03-02,19
0.03773493780754507,-0.22879021794221074,0.023184161226284535,0.01455077658126053,-0.008633384645024004,70,133494.791015625,9356,5,0.42426099432537123,76858.15824207831,ok,19,0.6944585203037908,0.0770748977767994,0.3204666004205744,0.37399191988321645,0.05352531946264205,98,2,cached,36,Allen_2022-03-02,19
0.350089658787086,-0.9828323798169424,0.3470845556410495,0.0030051031460364658,-0.34407945249501304,72,1049225.40625,9346,5,0.4523585638154135,574599.3083601062,ok,17,1.619681999102856,-0.4669266548004248,1.1879773483922085,0.43170465071064734,-0.7562726976815611,98,2,cached,36,Allen_2022-03-02,17
0.25514001826910926,-0.8643577995569552,0.23783614151955895,0.017303876749550307,-0.22053226477000865,76,720793.734375,9356,5,0.3854475694051992,442965.5414176595,ok,19,1.278442433900394,-0.13407875371146916,0.724927201064808,0.5535152328355859,-0.1714119682292221,98,2,cached,36,Allen_2022-03-02,19
0.05230452405715672,-0.6221727542575107,0.042423486924963075,0.009881037132193647,-0.03254244979276943,77,3356.219268798828,9356,5,0.22872476011220866,2588.5688216588437,ok,19,0.041442326976054274,-0.3696151844625363,0.02838002015293266,0.013062306823121615,-0.015317713329811043,98,2,cached,36,Allen_2022-03-02,19
0.22974121601631242,-1.0,0.22974121601631242,0.0,-0.22974121601631242,79,128693.0625,9356,5,0.29200181952881077,91114.45408926504,ok,19,0.5128651235795891,-0.11242802627195667,0.2852627685836827,0.22760235499590636,-0.05766041358777635,98,2,cached,36,Allen_2022-03-02,19
0.3200328401755542,1.0,0.0,0.3200328401755542,0.3200328401755542,100,212450.802734375,9356,5,0.7747539322070096,47853.70791538227,ok,19,0.6788293825564325,0.9448764437482173,0.01870974482735619,0.6601196377290763,0.6414098929017201,98,2,cached,36,Allen_2022-03-02,19
0.027351543360903938,0.6318969758670742,0.005034092912925796,0.022317450447978143,0.01728335753505235,102,4524.714904785156,9329,5,0.04107218373377852,4338.874982872854,ok,19,0.04815927474216248,0.08369695982032455,0.022064244929545868,0.02609502981261661,0.004030784883070744,98,2,cached,36,Allen_2022-03-02,19
0.06317483861628262,0.20921562933331772,0.02497883749857313,0.03819600111770948,0.01321716361913635,114,67046.6455078125,9356,5,0.1844590969423614,54679.28182442678,ok,19,0.3406096239851953,-0.7734090832679958,0.30202010051192096,0.03858952347327432,-0.26343057703864664,98,2,cached,36,Allen_2022-03-02,19
0.3799435954540968,-1.0,0.3799435954540968,0.0,-0.3799435954540968,118,114379.853515625,9356,5,0.3295233565126964,76689.02026772572,ok,19,0.41706152244005357,-0.2899176461805974,0.26898750866918514,0.1480740137708684,-0.12091349489831674,98,2,cached,36,Allen_2022-03-02,19
0.09718515922625859,-1.0,0.09718515922625859,0.0,-0.09718515922625859,119,49999.9814453125,9356,5,0.41205845204824143,29397.06648851624,ok,19,0.453622820856981,0.10175580376008868,0.2037320330583801,0.24989078779860094,0.046158754740220825,98,2,cached,36,Allen_2022-03-02,19
0.18411663165443315,0.17958433153729972,0.07552608471693627,0.10859054693749688,0.033064462220560614,120,95495.166015625,9356,5,0.469843675377576,50627.366234051966,ok,19,0.5004880510258469,0.4594131925514807,0.1352786188350971,0.3652094321907498,0.2299308133556527,98,2,cached,36,Allen_2022-03-02,19
0.16119794791253908,0.8915115117629362,0.008744060837974153,0.15245388707456492,0.14370982623659076,121,221202.56640625,9344,5,0.06141158062783847,207618.1671643078,ok,19,0.41620056707082165,-0.024246833790233555,0.2131460565219944,0.20305451054882723,-0.010091545973167165,98,2,cached,36,Allen_2022-03-02,19
0.16324957158261288,0.08439279020102237,0.07473624236881733,0.08851332921379557,0.013777086844978234,122,108453.8583984375,9344,5,0.376566395312233,67613.77988363455,ok,19,0.5544960417319089,1.0,0.0,0.5544960417319089,0.5544960417319089,98,2,cached,36,Allen_2022-03-02,19
0.30083636951943243,-0.9669966301644749,0.29587206253781917,0.004964306981613242,-0.2909077555562059,125,120916.923828125,9355,5,0.2135614092311452,95093.73517549559,ok,19,0.3219634486517559,-0.36639475687645234,0.21996458407181008,0.10199886457994582,-0.11796571949186425,98,2,cached,36,Allen_2022-03-02,19
0.16536031769355758,0.10680890661454981,0.07384918148163705,0.09151113621192053,0.01766195473028348,126,72813.3916015625,7584,5,0.3097589512170148,50258.79178450871,ok,18,0.3665249828899202,0.3556027402929354,0.11809384729422165,0.24843113559569854,0.1303372883014769,98,2,cached,36,Allen_2022-03-02,18
0.09613363810737308,0.02427780577008631,0.04689986215671525,0.049233775950657824,0.0023339137939425714,127,89093.818359375,9348,5,0.4716290954665304,47074.58139488361,ok,19,0.5944003252264034,0.5309129688081031,0.1394127419499758,0.45498758327642763,0.31557484132645186,98,2,cached,36,Allen_2022-03-02,19
0.5848354229393105,-1.0,0.5848354229393105,0.0,-0.5848354229393105,128,983621.703125,9356,5,0.4033548380387949,586873.130369572,ok,19,1.7135393759002908,-0.00450140427876384,0.8606263546893994,0.8529130212108915,-0.007713333478507889,98,2,cached,36,Allen_2022-03-02,19
0.8028740845620632,-1.0,0.8028740845620632,0.0,-0.8028740845620632,131,1086099.125,9344,5,0.3567945300547165,698584.8981027862,ok,18,1.602930129071077,-0.5518014579288939,1.2437146556253236,0.35921547344575333,-0.8844991821795702,98,2,cached,36,Allen_2022-03-02,18
0.5335691439453513,-0.944365996426103,0.5187268501147628,0.014842293830588466,-0.5038845562841744,134,718002.0390625,9356,5,0.2679163840156108,525637.5290410396,ok,19,1.0313177685098103,-0.5181023993617838,0.7828229894395918,0.24849477907021844,-0.5343282103693734,98,2,cached,36,Allen_2022-03-02,19
0.361209957425793,-1.0,0.361209957425793,0.0,-0.361209957425793,135,878119.359375,9352,5,0.5163002113145831,424746.14857026114,ok,18,1.5417284579016268,-0.5736867049035093,1.21309878838559,0.328629669516037,-0.8844691188695529,98,2,cached,36,Allen_2022-03-02,18
0.15465847052012882,-0.8047046793569197,0.13955643272493035,0.015102037795198465,-0.12445439492973188,138,49495.353515625,9356,5,0.28413524610387,35431.979063464845,ok,19,0.2979837125516497,0.2025641724164124,0.11881144421252733,0.17917226833912236,0.060360824126595033,98,2,cached,36,Allen_2022-03-02,19
0.25795685127765566,-0.5686447400336472,0.20232132895616817,0.055635522321487475,-0.1466858066346807,139,144334.990234375,9356,5,0.5693616685027669,62156.179371200684,ok,19,0.7091861712862737,0.4003936272383217,0.21261627388885246,0.4965698973974213,0.28395362350856884,98,2,cached,36,Allen_2022-03-02,19
0.10284060442403037,-0.6217260354277857,0.08338964284678999,0.01945096157724038,-0.0639386812695496,145,80129.654296875,9356,5,0.4933969966199584,40593.92352660133,ok,19,0.5318161286685306,0.34982204177887144,0.1728875623433851,0.35892856632514547,0.18604100398176038,98,2,cached,36,Allen_2022-03-02,19
0.08127495974379903,-0.5771836102379347,0.06409276721533388,0.017182192528465146,-0.04691057468686874,146,79462.1943359375,9356,5,0.4886221000697112,40635.21006336421,ok,19,0.5615256113320356,0.22544596716747006,0.21746596339799,0.34405964793404564,0.12659368453605566,98,2,cached,36,Allen_2022-03-02,19
0.03822168638421317,-0.9945443708514934,0.03811742471104178,0.00010426167317139819,-0.03801316303787038,148,38021.572509765625,9347,5,0.15886695499079673,31981.201061177377,ok,19,0.1657241123582935,-0.2132483411280669,0.10053225220181049,0.06519186015648303,-0.03534039204532746,98,2,cached,36,Allen_2022-03-02,19
0.08094864553604565,0.5939085874086959,0.016436274906542772,0.06451237062950288,0.04807609572296011,150,26586.70654296875,9347,5,0.33005192497164315,17811.712869805735,ok,19,0.3739640926389256,0.33948582366063085,0.12350429231494976,0.25045980032397586,0.1269555080090261,98,2,cached,36,Allen_2022-03-02,19
0.2091962015256286,-0.7674915948280937,0.1848762639332563,0.0243199375923723,-0.160556326340884,151,297122.453125,7266,5,0.4093190491701846,175504.57312476225,ok,15,1.029865888428564,0.17910314855160855,0.42270683261255426,0.6071590558160097,0.18445222320345545,98,2,cached,36,Allen_2022-03-02,15
0.08505268646210122,-0.7469200334854047,0.07429012094119875,0.010762565520902476,-0.06352755542029627,152,90574.21875,9356,5,0.2626103504750745,66788.49142005644,ok,19,0.32385440673533594,-0.1548049325416757,0.18699433316166203,0.13686007357367394,-0.05013425958798809,98,2,cached,36,Allen_2022-03-02,19
0.19875257145613434,-1.0,0.19875257145613434,0.0,-0.19875257145613434,153,89837.9736328125,9356,5,0.2677053753155276,65787.86518385395,ok,19,0.4252728797897969,-0.13942337441697875,0.24228292986905825,0.1829899499207386,-0.05929297994831964,98,2,cached,36,Allen_2022-03-02,19
0.10769875418239584,-0.9811943116637195,0.10668607957971593,0.0010126746026799082,-0.10567340497703602,156,190878.5048828125,6615,5,0.35234295459703313,123623.80850333814,ok,10,0.7293172572428983,0.03859849972403191,0.35058335264523827,0.37873390459766,0.02815055195242172,98,1,cached,36,Allen_2022-03-02,10
0.11386220200220123,-0.9269484326108666,0.10970329584088177,0.004158906161319464,-0.10554438967956231,158,60636.21533203125,9351,5,0.265671396885514,44526.90730291969,ok,19,0.3430771327635739,-0.22116222252363865,0.20947641697130168,0.13360071579227223,-0.07587570117902945,98,2,cached,36,Allen_2022-03-02,19
0.18042455272904287,-1.0,0.18042455272904287,0.0,-0.18042455272904287,13,120420.669921875,12314,5,0.5076828745700558,59285.15805828565,ok,17,0.692094495073737,0.4265208359341535,0.19845088624473042,0.4936436088290066,0.2951927225842762,112,10,cached,47,Allen_2022-03-04,25
0.13493806455905238,-1.0,0.13493806455905238,0.0,-0.13493806455905238,18,63140.29296875,12314,5,0.5370124258750981,29233.17107113716,ok,17,0.3809482643730008,-0.5264491748746764,0.29074908191105353,0.09019918246194722,-0.2005498994491063,112,10,cached,47,Allen_2022-03-04,25
0.11078771835503479,-1.0,0.11078771835503479,0.0,-0.11078771835503479,23,51828.9228515625,12314,5,0.4731780200942134,27304.61575304442,ok,17,0.2797486872412264,-0.4332297846915999,0.20047207539125034,0.0792766118499761,-0.12119546354127424,112,10,cached,47,Allen_2022-03-04,25
0.32023315097806826,-0.9999414859142592,0.32022378190304157,9.369075026673575e-06,-0.3202144128280149,24,406050.0703125,12314,5,0.7875031805656131,86284.34847251544,ok,17,1.1161005218823752,-1.0,1.1161005218823752,0.0,-1.1161005218823752,112,10,cached,47,Allen_2022-03-04,25
0.09670987771824002,0.41043398308147827,0.028508428701510033,0.06820144901672999,0.03969302031521996,25,41647.546875,12311,5,0.37647743281852264,25968.185344310914,ok,17,0.3104040694857607,-0.16936190323168743,0.18148734673236505,0.12891672275339566,-0.05257062397896939,112,10,cached,47,Allen_2022-03-04,25
0.43397105826685833,0.5920555742047494,0.08851803708821535,0.34545302117864296,0.2569349840904276,28,1205371.375,12308,5,0.6526365567407771,418701.95122610393,ok,17,2.242299975765248,0.4008061541639341,0.6717861729984482,1.5705138027668,0.8987276297683517,112,9,cached,47,Allen_2022-03-04,24
0.1394192855847905,-0.04584541599659832,0.07290551036518687,0.06651377521960361,-0.006391735145583263,30,57741.67578125,12304,5,0.2444725364185092,43625.42184595261,ok,17,0.23598562497597111,-0.3111198799271911,0.1547027221415192,0.08128290283445191,-0.07341981930706729,112,10,cached,47,Allen_2022-03-04,25
0.0829918198597928,-0.7712469773466831,0.07349950503557921,0.009492314824213584,-0.06400719021136562,31,24101.489501953125,12310,5,0.3409118063417421,15885.007180315752,ok,17,0.19685567731503398,-0.44665554659921125,0.14239117873366922,0.05446449858136476,-0.08792668015230445,112,10,cached,47,Allen_2022-03-04,25
0.013366251583405148,-0.9755260677470212,0.013202689215540884,0.00016356236786426354,-0.01303912684767662,33,1545.9171142578125,12314,5,0.4234612571011248,891.281109680056,ok,17,0.06386088618479942,0.3537125165342472,0.020636245712133437,0.04322464047266598,0.02258839476053254,112,10,cached,47,Allen_2022-03-04,25
0.2802215018377562,0.9761451505467732,0.0033423208699484065,0.2768791809678078,0.2735368600978594,34,183570.119140625,12314,5,0.7172765458012811,51899.57817110787,ok,17,0.35801479989701573,0.7265867797864345,0.048942989661979186,0.30907181023503655,0.26012882057305736,112,10,cached,47,Allen_2022-03-04,25
0.03470586771921565,-0.5776585795240967,0.02737700498352448,0.00732886273569117,-0.02004814224783331,37,3894.4510498046875,12314,5,0.14502678644073685,3329.6513291007595,ok,17,0.0850847484214076,-0.999356152704544,0.08505735762882977,2.7390792577837905e-05,-0.08502996683625193,112,10,cached,47,Allen_2022-03-04,25
0.10928788372936349,-0.9377990114889625,0.10588897652924062,0.003398907200122873,-0.10249006932911775,38,19893.980346679688,12294,5,0.3818587341209704,12297.290194869118,ok,17,0.15504303782048134,-0.144595337085527,0.08873076906844897,0.06631226875203236,-0.02241850031641661,112,9,cached,47,Allen_2022-03-04,23
0.16895347206542888,-1.0,0.16895347206542888,0.0,-0.16895347206542888,42,144578.56640625,12314,5,0.4842314087542047,74569.08351968824,ok,17,0.5508181316758662,-0.2924593055793556,0.35595500998315405,0.19486312169271214,-0.1610918882904419,112,10,cached,47,Allen_2022-03-04,25
0.07603872981465733,0.8390060783871259,0.006120886653661727,0.0699178431609956,0.06379695650733387,43,104538.5595703125,12310,5,0.3149033289598232,71619.0191569563,ok,17,0.3231160073385885,-0.6668043457308257,0.2692855826035763,0.053830424735012164,-0.21545515786856417,112,10,cached,47,Allen_2022-03-04,25
0.049609715646753705,-1.0,0.049609715646753705,0.0,-0.049609715646753705,46,102600.0703125,12314,5,0.4237290149847359,59125.44358161973,ok,17,0.46967414405662566,-0.41980726328219425,0.3334233805537224,0.1362507635029033,-0.1971726170508191,112,10,cached,47,Allen_2022-03-04,25
0.0650119968825796,-0.24994568106192808,0.04063073236029595,0.024381264522283647,-0.016249467838012302,48,20926.80615234375,12314,5,0.3628607946604694,13333.288642198697,ok,17,0.1957101609829503,-0.4545703758465296,0.1423371012089774,0.053373059773972886,-0.08896404143500453,112,10,cached,47,Allen_2022-03-04,25
0.16320409441056352,0.7554768476072344,0.019953589824338754,0.14325050458622476,0.123296914761886,50,79682.119140625,12134,5,0.7251596384913643,21899.86243038355,ok,17,0.3555955394830865,0.6443269276457166,0.06323787902171413,0.29235766046137235,0.22911978143965822,112,10,cached,47,Allen_2022-03-04,25
0.06168637073521192,-0.8656291662360295,0.057541946201430015,0.004144424533781907,-0.05339752166764811,52,39038.5439453125,12292,5,0.5135390857132536,18990.72578006005,ok,17,0.3593002198264003,0.2321804627017191,0.13793886426913865,0.22136135555726166,0.08342249128812301,112,10,cached,47,Allen_2022-03-04,25
0.13098445543534276,-0.7815849652500129,0.1166799682425335,0.014304487192809273,-0.10237548104972423,53,193355.8046875,12314,5,0.5223848464034591,92349.66235460308,ok,17,0.7380619612056762,-0.10119950031957357,0.4063767314422876,0.33168522976338866,-0.07469150167889893,112,10,cached,47,Allen_2022-03-04,25
0.15033282260992564,0.26439072244690165,0.055293109516302744,0.0950397130936229,0.039746603577320155,54,73127.7099609375,12314,5,0.47295701724183803,38541.44638008625,ok,17,0.37343933489561704,0.27896470696874237,0.1346314701329296,0.23880786476268745,0.10417639462975786,112,10,cached,47,Allen_2022-03-04,25
0.0494083568812736,-0.6433149840033616,0.040596746598991255,0.008811610282282346,-0.03178513631670891,56,24801.26904296875,12310,5,0.4636199107310913,13302.9069032498,ok,17,0.2579945420957908,0.23082462969581058,0.09922152372649484,0.15877301836929597,0.05955149464280113,112,10,cached,47,Allen_2022-03-04,25
0.05775442620555017,0.022768493428212837,0.028219722466019448,0.02953470373953072,0.0013149812735112724,58,70018.900390625,12280,5,0.7018204515258217,20878.204103135024,ok,17,0.5320535869531644,0.8619143192294054,0.03673449088043223,0.49531909607273217,0.45858460519229993,112,10,cached,47,Allen_2022-03-04,25
0.03413382889630157,-0.955374600379927,0.03337221101877125,0.0007616178775303222,-0.03261059314124092,60,20837.6875,12308,5,0.4256364772648956,11968.407598153251,ok,17,0.277213564242508,0.25680433160134636,0.10301196008319191,0.17420160415931607,0.07118964407612416,112,10,cached,47,Allen_2022-03-04,25
0.1495326992745201,-1.0,0.1495326992745201,0.0,-0.1495326992745201,61,407228.6875,12314,5,0.555946879376721,180831.16949169704,ok,17,1.2200660968849357,0.08407486515643468,0.5587446021536986,0.6613214947312371,0.10257689257753855,112,10,cached,47,Allen_2022-03-04,25
0.10407188360501703,-0.8628818367712873,0.09693681084318087,0.007135072761836153,-0.08980173808134471,65,124793.869140625,12314,5,0.4004787697004354,74816.57396103037,ok,17,0.4552341742635084,-0.44117654908691323,0.32803640814575674,0.12719776611775163,-0.2008386420280051,112,10,cached,47,Allen_2022-03-04,25
0.023509686574107035,-0.386053491429046,0.016292841579221812,0.007216844994885225,-0.009075996584336587,66,60092.21875,6807,5,0.39025977974531156,36640.64269621792,ok,6,0.5744999254362483,-0.35197958602432666,0.38835608568115276,0.18614383975509555,-0.20221224592605722,112,3,cached,47,Allen_2022-03-04,11
0.06061008824811628,-1.0,0.06061008824811628,0.0,-0.06061008824811628,67,58619.259765625,12314,5,0.3498275383791076,38112.62842021094,ok,17,0.3458905522915302,0.06931188518812209,0.16095811302172178,0.18493243926980846,0.02397432624808668,112,10,cached,47,Allen_2022-03-04,25
0.07969875324943132,0.6319864664339763,0.014665109902064917,0.0650336433473664,0.05036853344530148,75,27947.71142578125,12314,5,0.48886065748113205,14285.17484308088,ok,17,0.269741188045009,0.784822738979969,0.029021085013907093,0.24072010303110195,0.21169901801719485,112,10,cached,47,Allen_2022-03-04,25
0.03518348280473826,-0.6680134902545888,0.029343261976221884,0.005840220828516371,-0.023503041147705513,82,37104.1181640625,12314,5,0.6460945926759807,13131.34805225108,ok,17,0.3793381522205891,-0.03323518023355541,0.19597276203955213,0.18336539018103698,-0.012607371858515154,112,10,cached,47,Allen_2022-03-04,25
0.01760399045306258,-0.2854022420253428,0.011314104398479685,0.006289886054582894,-0.005024218343896791,83,33918.1787109375,12314,5,0.6157992338992643,13031.390245483852,ok,17,0.4007774863935386,-0.05543165287194285,0.21149662244909753,0.1892808639444411,-0.02221575850465643,112,10,cached,47,Allen_2022-03-04,25
0.26316081726302704,0.6573795955066278,0.045082132828732344,0.21807868443429468,0.17299655160556232,87,372070.16015625,12309,5,0.5409094234128655,170813.9043570003,ok,17,1.5291513275355104,0.25349510199119535,0.5707594779009622,0.9583918496345482,0.387632371733586,112,10,cached,47,Allen_2022-03-04,25
0.10016951154708902,-0.9963655479181784,0.09998748090220033,0.0001820306448886792,-0.09980545025731165,100,26155.1220703125,12314,5,0.48421661354647416,13490.377434531136,ok,17,0.21917829454566043,-1.0,0.21917829454566043,0.0,-0.21917829454566043,112,10,cached,47,Allen_2022-03-04,25
0.1361117110219008,0.996102307074506,0.00026526082656346293,0.13584645019533734,0.13558118936877386,101,41044.8359375,12314,5,0.6063787885284115,16156.118046371339,ok,17,0.25569366822455775,0.767391597825732,0.029738247805895904,0.22595542041866185,0.19621717261276594,112,10,cached,47,Allen_2022-03-04,25
0.01999855141863615,0.6880409331058593,0.0031193647198961127,0.016879186698740035,0.013759821978843923,105,978.8932189941406,12196,5,0.0554531679960627,924.610488871052,ok,17,0.0351703770127339,-0.6597252130000394,0.02918658073937573,0.005983796273358169,-0.023202784466017562,112,10,cached,47,Allen_2022-03-04,25
0.06610479098938715,0.9938367976973791,0.00020370860002003613,0.06590108238936712,0.06569737378934709,109,19011.755615234375,12314,5,0.48784985509483825,9736.873393243808,ok,17,0.27869230286548075,0.528202276744245,0.06574319699041856,0.21294910587506216,0.1472059088846436,112,10,cached,47,Allen_2022-03-04,25
0.08788495068438351,0.9843347336322115,0.0006883705810954174,0.0871965801032881,0.08650820952219268,110,24782.683837890625,12314,5,0.17600268407770003,20420.864963772838,ok,17,0.16332908254683692,-0.34958021059800815,0.11021284881016982,0.053116233736667115,-0.05709661507350271,112,10,cached,47,Allen_2022-03-04,25
0.05874266553776882,0.09902455289866861,0.026462849673407618,0.032279815864361204,0.005816966190953586,111,26732.47900390625,12314,5,0.46551680909785287,14288.060678732465,ok,17,0.24884414897436125,-0.06084250435275833,0.13199222509574612,0.11685192387861511,-0.015140301217131016,112,10,cached,47,Allen_2022-03-04,25
0.08936686870292761,0.6470120117692121,0.015772715598965686,0.07359415310396192,0.05782143750499623,119,10773.967529296875,12314,5,0.44523972972547987,5976.969138481638,ok,17,0.12222244674339891,0.5575312780930795,0.027039804899444186,0.09518264184395472,0.06814283694451054,112,10,cached,47,Allen_2022-03-04,25
0.17558791441066812,-0.8570162434577683,0.16303480460774153,0.012553109802926586,-0.15048169480481494,124,903937.6015625,12307,5,0.4450347030683578,501653.99945880927,ok,17,1.4599577475106345,-0.26617818508882257,0.9242833255246903,0.5356744219859442,-0.3886089035387461,112,10,cached,47,Allen_2022-03-04,25
0.035344295716883314,0.8307428936373993,0.002991136609731864,0.03235315910715145,0.029362022497419583,126,21425.480712890625,12308,5,0.2950322218501742,15104.27353395845,ok,17,0.1926988332280113,-0.4289749670111604,0.13768090442754327,0.05501792880046803,-0.08266297562707524,112,10,cached,47,Allen_2022-03-04,25
0.1483230704519277,-0.9135056370934146,0.14190851571038365,0.006414554741544029,-0.13549396096883962,127,273625.15625,12300,5,0.6317703522825417,100756.89489257199,ok,17,1.0119571238018883,-0.35262580505702495,0.6843996596328603,0.327557464169028,-0.35684219546383233,112,10,cached,47,Allen_2022-03-04,25
0.1085933009783427,-1.0,0.1085933009783427,0.0,-0.1085933009783427,128,117162.8671875,12314,5,0.5143019293066258,56905.77854987279,ok,17,0.46818244097133477,-1.0,0.46818244097133477,0.0,-0.46818244097133477,112,10,cached,47,Allen_2022-03-04,25
0.0709900354219523,0.6802245447584052,0.011350435447335865,0.05963959997461643,0.04828916452728056,129,32302.177734375,12314,5,0.4524772807163582,17686.176191908507,ok,17,0.2860976638175392,0.12482909983799521,0.1251921749887212,0.160905488828818,0.035713313840096794,112,10,cached,47,Allen_2022-03-04,25
0.09948148071028604,-0.6587583091004942,0.08250786636490375,0.016973614345382283,-0.06553425201952146,130,26889.054931640625,12314,5,0.46198926962863385,14466.600082767756,ok,17,0.24173288382007743,0.10151091166944073,0.10859717920150919,0.13313570461856825,0.02453852541705906,112,10,cached,47,Allen_2022-03-04,25
0.03912278932984918,-0.0596340566811114,0.020727919983134294,0.018394869346714887,-0.0023330506364194065,134,8945.3583984375,12314,5,0.5673959481558373,3869.7982883622726,ok,17,0.14860657496416632,0.32011517157579333,0.05051767786111062,0.09808889710305571,0.047571219241945094,112,10,cached,47,Allen_2022-03-04,25
0.015067786182044074,0.3495848575259559,0.004900158148181314,0.01016762803386276,0.005267469885681445,135,2594.7884826660156,12301,5,0.3912034781082139,1579.6982032919354,ok,17,0.07417058061303881,-0.4285303745931087,0.05297746365346635,0.021193116959572465,-0.03178434669389389,112,10,cached,47,Allen_2022-03-04,25
0.13283424055747067,0.3325393658506917,0.04433081321961557,0.0885034273378551,0.04417261411823953,136,163952.0703125,12314,5,0.6098992042702444,63957.8330904471,ok,17,0.7684355696294612,0.20176410593543528,0.30669642697709304,0.4617391426523682,0.15504271567527517,112,10,cached,47,Allen_2022-03-04,25
0.059224134079401365,0.23599122727611047,0.02262387899681926,0.036600255082582106,0.013976376085762847,137,71080.6884765625,12314,5,0.6243646671829225,26700.41807276056,ok,17,0.5543126569604889,0.4556663996258596,0.15086550214812935,0.40344715481235954,0.25258165266423016,112,10,cached,47,Allen_2022-03-04,25
0.13869294432806784,0.5953127387655651,0.02806363389633286,0.11062931043173498,0.08256567653540212,139,169685.970703125,12314,5,0.6384454604498059,61350.733005696085,ok,17,0.8247810437732066,0.304460346172912,0.2868339608345802,0.5379470829386264,0.2511131221040462,112,10,cached,47,Allen_2022-03-04,25
0.143173194884245,0.9148355308758861,0.006096634567560008,0.13707656031668497,0.13097992574912495,140,21700.1904296875,12298,5,0.59526598827246,8782.80512785899,ok,17,0.15224224835013347,0.9905456580895753,0.0007196751345569888,0.1515225732155765,0.15080289808101952,112,10,cached,47,Allen_2022-03-04,25
0.044744356950589766,0.9013003519192829,0.0022081261423105994,0.04253623080827917,0.04032810466596857,141,5575.2152099609375,12314,5,0.43652096154899855,3141.516905666187,ok,17,0.08648856585253574,0.6260534433287898,0.016171050695993474,0.07031751515654226,0.054146464460548785,112,10,cached,47,Allen_2022-03-04,25
0.05740892076488914,0.3068794108946403,0.01989565249023144,0.0375132682746577,0.017617615784426263,142,55830.5458984375,12314,5,0.5540724623396567,24896.37785872302,ok,17,0.479697769684329,0.3226074641022772,0.1624718443354747,0.3172259253488543,0.1547540810133796,112,10,cached,47,Allen_2022-03-04,25
0.0570123824437663,0.6296163736114924,0.01055822647928532,0.04645415596448098,0.035895929485195655,144,132421.22265625,12314,5,0.4768900347190438,69270.86118617271,ok,17,0.6694435896207476,0.06686531493314382,0.312340516585391,0.3571030730353566,0.044762556449965574,112,10,cached,47,Allen_2022-03-04,25
0.024607330677099526,0.8381559794631568,0.001991274665730695,0.022616056011368832,0.020624781345638138,148,7536.14599609375,12314,5,0.4867273793878688,3868.097404730659,ok,17,0.16492705464649285,0.4020144959263548,0.04931199395408233,0.11561506069241052,0.0663030667383282,112,10,cached,47,Allen_2022-03-04,25
0.06827356146726136,0.8162413107897972,0.006272930081468075,0.06200063138579329,0.05572770130432521,149,120439.1923828125,12304,5,0.19358318866547042,97124.18948105362,ok,17,0.32248878836217043,0.12185185261169003,0.14159646602687037,0.18089232233530006,0.03929585630842969,112,10,cached,47,Allen_2022-03-04,25
0.09808964462329944,-0.37059867840432875,0.06722076864292224,0.030868875980377197,-0.03635189266254504,150,369627.3984375,9042,5,0.5452479198482996,168088.82832051453,ok,10,1.295914733312869,-0.34546149645501256,0.8718016881806157,0.4241130451322534,-0.44768864304836226,112,6,cached,47,Allen_2022-03-04,17
0.1288154097235141,-0.9913860497127905,0.12826060495572167,0.0005548047677924235,-0.12770580018792924,158,119341.12890625,12314,5,0.4940835863097205,60376.635941999346,ok,17,0.39282452476230295,-0.8487919212064421,0.36312540391615283,0.02969912084615014,-0.3334262830700027,112,10,cached,47,Allen_2022-03-04,25
0.048928954328099884,-0.858140217819808,0.04545842892645548,0.003470525401644409,-0.04198790352481107,160,19776.085205078125,12314,5,0.3973921100059844,11917.224977773998,ok,17,0.18825569895464772,-0.6881881062307396,0.15890551595269548,0.029350183001952253,-0.12955533295074323,112,10,cached,47,Allen_2022-03-04,25
0.017782246244011427,0.4566916447664713,0.004830621479595721,0.012951624764415706,0.008121003284819985,161,35217.849609375,12314,5,0.44509668088827103,19542.501640219896,ok,17,0.27494649416087974,-0.9421960941138919,0.2670000035247843,0.00794649063609541,-0.2590535128886889,112,10,cached,47,Allen_2022-03-04,25
0.11516883257815304,-0.9957062172805783,0.11492157760658302,0.000247254971570025,-0.114674322635013,162,120025.81640625,12309,5,0.45344627396528425,65600.55717719466,ok,16,0.5850860328006092,0.07508879322226182,0.2705763143332054,0.31450971846740383,0.04393340413419844,112,9,cached,47,Allen_2022-03-04,24
0.030635594080861965,-0.9920949700124578,0.030514506435914274,0.00012108764494769283,-0.030393418790966582,166,10201.851318359375,12314,5,0.30636174022212004,7076.3943949794675,ok,17,0.12489249783975538,-0.3368521083755391,0.08348139952868222,0.04141109831107316,-0.04207030121760906,112,10,cached,47,Allen_2022-03-04,25
0.05909563678111833,-0.9408638861480959,0.05734829362869884,0.00174734315241949,-0.055600950476279346,167,26787.228515625,12251,5,0.5361073949300607,12426.397218717046,ok,16,0.2893688605884866,0.04038745955895043,0.13884099371692477,0.15052786687156183,0.011686873154637067,112,9,cached,47,Allen_2022-03-04,24
0.10781902220721047,0.0098580933607359,0.05337806611011427,0.054440956097096205,0.001062889986981938,169,121040.146484375,12314,5,0.3256471055515058,81623.77312620802,ok,17,0.503175236711589,-0.5141692363516667,0.38094623196132793,0.1222290047502611,-0.2587172272110668,112,10,cached,47,Allen_2022-03-04,25
0.06652766090507309,-1.0,0.06652766090507309,0.0,-0.06652766090507309,170,98156.9208984375,12288,5,0.359178704666415,62901.04519609296,ok,16,0.4072035796688093,-0.4711905935426279,0.29953703803281917,0.10766654163599015,-0.19187049639682902,112,9,cached,47,Allen_2022-03-04,24
0.11993846932115654,-1.0,0.11993846932115654,0.0,-0.11993846932115654,171,40081.654296875,12312,5,0.43581641197816956,22613.411535061554,ok,17,0.27883368322800384,-0.18408757115351118,0.16508174936461728,0.11375193386338653,-0.05132981550123075,112,10,cached,47,Allen_2022-03-04,25
0.10981548875958348,-0.7726766848742127,0.09733367828108991,0.012481810478493576,-0.08485186780259633,172,87173.2470703125,12314,5,0.5027807976094829,43344.212378092256,ok,17,0.41608233479637424,-0.4483390064293325,0.30131413768588877,0.11476819711048547,-0.1865459405754033,112,10,cached,47,Allen_2022-03-04,25
0.08345817597582936,-1.0,0.08345817597582936,0.0,-0.08345817597582936,173,214221.732421875,12314,5,0.5351629618952229,99578.19559665846,ok,17,0.9207530194389014,-0.05492871099545898,0.48566439797092853,0.4350886214679729,-0.05057577650295564,112,10,cached,47,Allen_2022-03-04,25
0.15799827345957362,-1.0,0.15799827345957362,0.0,-0.15799827345957362,174,290373.37109375,12312,5,0.569460922985953,125017.0831801605,ok,16,1.0128956753682967,-0.2600178063621707,0.6381332934756453,0.3747623818926514,-0.2633709115829939,112,9,cached,47,Allen_2022-03-04,24
0.3514411192542563,-0.9755535004289164,0.34714536666870116,0.004295752585555119,-0.342849614083146,175,407653.421875,12314,5,0.4859998939193094,209533.9020879065,ok,17,0.8848976269286748,-0.3548748616539607,0.5994627749314532,0.2854348519972216,-0.3140279229342316,112,10,cached,47,Allen_2022-03-04,25
0.026507165944591786,-0.952536960714475,0.02587811061530374,0.0006290553292880456,-0.025249055286015697,1,5065.251770019531,18318,5,0.17487042356397964,4179.489047538018,ok,23,0.06774544435071826,0.23988550805992562,0.025747147006950397,0.041998297343767865,0.01625115033681747,125,17,cached,76,Allen_2022-03-30,41
0.19069872594748935,1.0,0.0,0.19069872594748935,0.19069872594748935,18,87701.5,18304,5,0.5139986070897313,42623.05116031993,ok,23,0.1845711109810509,0.7103554521138851,0.02673000799647222,0.15784110298457868,0.13111109498810647,125,17,cached,76,Allen_2022-03-30,41
0.1496468996318678,-0.3207985607362426,0.09882670482620598,0.050820194805661835,-0.048006510020544145,28,107657.6884765625,18299,5,0.3686301116384463,67971.8227547102,ok,23,0.3611526052234695,-0.5351012924892506,0.27720291553220405,0.08394968969126543,-0.19325322584093862,125,16,cached,76,Allen_2022-03-30,40
0.039433152664219054,-0.3102986232570852,0.02583460282330634,0.013598549840912709,-0.012236052982393632,32,56114.4208984375,18320,5,0.43900876875816763,31479.69807023686,ok,23,0.32052087958484965,-0.015335237338531895,0.16271807167261917,0.1578028079122305,-0.004915263760388672,125,17,cached,76,Allen_2022-03-30,41
0.1804808369083427,-0.9791793988259597,0.1786019771459299,0.001878859762412808,-0.1767231173835171,33,384403.546875,18320,5,0.5840374972819073,159897.46141183662,ok,23,0.7934376570706566,-0.2583847503781568,0.4992249240167439,0.2942127330539127,-0.2050121909628312,125,17,cached,76,Allen_2022-03-30,41
0.06426934022844459,-0.903911315927352,0.06118156206406032,0.003087778164384267,-0.05809378389967605,36,134708.845703125,18320,5,0.41088541945255885,79358.94513242645,ok,23,0.43584820000299573,-0.18725794684736313,0.2587321195363378,0.17711608046665792,-0.08161603906967987,125,17,cached,76,Allen_2022-03-30,41
0.15363538467839438,-0.997498889501448,0.15344325514161028,0.00019212953678409905,-0.15325112560482618,37,364559.53125,18320,5,0.4737757004686135,191840.08396952186,ok,23,0.6556516902055591,-0.4474117078459325,0.4744989663362503,0.18115272386930886,-0.29334624246694146,125,17,cached,76,Allen_2022-03-30,41
0.06728058777322683,-0.3593806343736421,0.0457299640441003,0.02155062372912653,-0.024179340314973766,41,40503.884765625,18320,5,0.514179843290824,19677.603644166345,ok,23,0.25965826485383636,-0.06963025654801087,0.13886916822521017,0.12078909662862619,-0.01808007159658398,125,17,cached,76,Allen_2022-03-30,41
0.11124139902725194,-0.980732736871924,0.11016974037435526,0.001071658652896682,-0.10909808172145857,43,66346.88671875,18320,5,0.4990715220354558,33235.04498170947,ok,23,0.4480674843900488,0.26556364030327817,0.16453852606694758,0.2835289583231012,0.11899043225615363,125,17,cached,76,Allen_2022-03-30,41
0.06803888304760525,-0.8770108429254269,0.06385486061044503,0.004184022437160215,-0.059670838173284814,48,50474.4228515625,18320,5,0.3738423368950854,31604.946659303674,ok,23,0.2629849460868475,-0.12330498038040263,0.14770614985221375,0.11527879623463377,-0.03242735361757998,125,17,cached,76,Allen_2022-03-30,41
0.07998466785356868,0.09665242916226312,0.036126977704892246,0.04385769014867644,0.007730712443784191,49,38412.68798828125,18317,5,0.5021747910051344,19122.80442582068,ok,23,0.23570337794565904,0.45292719598658,0.0644734539440833,0.17122992400157575,0.10675647005749245,125,17,cached,76,Allen_2022-03-30,41
0.16373332829583281,0.7154391946982886,0.023296043877295843,0.14043728441853698,0.11714124054124114,51,89988.119140625,18298,5,0.4768035863198702,47081.461208195244,ok,23,0.26377471667025626,0.5032098020826968,0.06552034685009857,0.19825436982015768,0.1327340229700591,125,16,cached,76,Allen_2022-03-30,40
0.0881053763985013,-0.7864102364511321,0.07869617314233135,0.009409203256169955,-0.0692869698861614,52,91064.96484375,18320,5,0.45883055479162427,49281.57650241243,ok,23,0.5070321858763539,0.24054310756579542,0.19253454412488888,0.31449764175146505,0.12196309762657617,125,17,cached,76,Allen_2022-03-30,41
0.10458461285258333,-0.829237991880456,0.09565507359802723,0.008929539254556102,-0.08672553434347113,53,41792.03125,18291,5,0.20291390195352366,33311.8471184989,ok,23,0.1300025591122297,-0.062198914258310686,0.06904428856990612,0.06095827054232358,-0.00808601802758254,125,17,cached,76,Allen_2022-03-30,40
0.035114687927610556,0.9272575261765575,0.001277164633696279,0.033837523293914276,0.032560358660217996,54,131390.9462890625,18320,5,0.4328152129575147,74522.94589027255,ok,23,0.4509670176310465,-0.1916661717711399,0.2687010697477187,0.18226594788332784,-0.08643512186439084,125,17,cached,76,Allen_2022-03-30,41
0.1774174536500747,0.9729437000085395,0.0024001299248387438,0.17501732372523596,0.17261719380039722,55,1069105.1875,18286,5,0.5010637183510347,533415.3669428698,ok,22,1.5924487332561212,-0.2824786744116856,1.021140770247439,0.571307963008682,-0.44983280723875707,125,16,cached,76,Allen_2022-03-30,40
0.037045335804092853,1.0,0.0,0.037045335804092853,0.037045335804092853,56,9648.743408203125,18320,5,0.46471022251880056,5164.87371195024,ok,23,0.14140057307643777,0.19975902719030475,0.056577266077268484,0.08482330699916929,0.028246040921900806,125,17,cached,76,Allen_2022-03-30,41
0.05635404202039354,-0.5713037881667005,0.044274659852574894,0.012079382167818647,-0.032195277684756246,59,368456.09765625,18320,5,0.515836425170153,178393.0214091052,ok,23,0.7380139547527506,0.5976094746099223,0.14848491149908416,0.5895290432536664,0.44104413175458224,125,17,cached,76,Allen_2022-03-30,41
0.07637976721822874,0.772297981633988,0.008695913578958426,0.06768385363927032,0.0589879400603119,60,85730.353515625,18320,5,0.450425059257455,47115.25395318704,ok,23,0.3817614242900163,-0.06123726232051096,0.20256972438655796,0.17919169990345835,-0.023378024483099613,125,17,cached,76,Allen_2022-03-30,41
0.026442802241702642,-0.15164011396283708,0.015226295893565597,0.011216506348137045,-0.004009789545428553,65,18702.726440429688,18320,5,0.2714173584846922,13626.481833506452,ok,23,0.1060902797197438,0.179993377473029,0.043497365977964365,0.06259291374177944,0.019095547763815078,125,17,cached,76,Allen_2022-03-30,41
0.032824974271352406,0.9907657859179619,0.00015155641982952754,0.032673417851522876,0.03252186143169335,67,20896.061279296875,18320,5,0.39068709828493875,12732.239732504115,ok,23,0.13928246002372666,0.3275312608534578,0.046831550138692064,0.09245090988503459,0.04561935974634252,125,17,cached,76,Allen_2022-03-30,41
0.20829018134778987,-0.3560268823379369,0.1412235426173235,0.06706663873046638,-0.07415690388685713,68,464684.2734375,18320,5,0.39249986311408025,282295.7597220154,ok,23,0.6415543718884389,-0.5707645669000576,0.5038654375510911,0.1376889343373478,-0.36617650321374334,125,17,cached,76,Allen_2022-03-30,41
0.16651531269696232,-0.624908359437511,0.1352860617878226,0.031229250909139722,-0.10405681087868288,73,118828.302734375,18309,5,0.49849342162925747,59593.17551791915,ok,23,0.3620125849265606,-0.905032227765745,0.3448228205709408,0.017189764355619756,-0.3276330562153211,125,17,cached,76,Allen_2022-03-30,41
0.08235253473855361,0.3739423397314174,0.025778717607803023,0.05657381713075059,0.030795099522947567,74,377389.41796875,18320,5,0.4770803136244274,197344.35608567862,ok,23,0.7762361938706213,-0.05744185103009908,0.41041231884155427,0.36582387502906694,-0.04458844381248733,125,17,cached,76,Allen_2022-03-30,41
0.1314370143176954,0.8235199503018598,0.011598005409481027,0.11983900890821436,0.10824100349873333,76,443675.734375,18318,5,0.5071885301554647,218648.49079169735,ok,23,0.7715690706245368,0.28343018981390866,0.27644155124144165,0.49512751938309524,0.21868596814165359,125,17,cached,76,Allen_2022-03-30,41
0.13394036056124606,-0.9166156013841524,0.1283560923533514,0.00558426820789464,-0.12277182414545677,77,240435.326171875,18308,5,0.47710773996573885,125721.77109408646,ok,22,0.6143769783821578,0.04903992744867683,0.29212398796807976,0.32225299041407807,0.03012900244599831,125,15,cached,76,Allen_2022-03-30,39
0.03636053581722081,-1.0,0.03636053581722081,0.0,-0.03636053581722081,79,22242.353515625,18320,5,0.46566276253192085,11884.91773232748,ok,23,0.21696523197291148,0.1840361226270931,0.08851789596786452,0.12844733600504696,0.039929440037182434,125,17,cached,76,Allen_2022-03-30,41
0.08492104842637976,-1.0,0.08492104842637976,0.0,-0.08492104842637976,81,44209.705078125,18320,5,0.5057651868221651,21849.97532993429,ok,23,0.2901821195380762,-0.0039795658436388315,0.14566845919471233,0.14451366034336388,-0.0011547988513484486,125,17,cached,76,Allen_2022-03-30,41
0.025657509552790243,-0.9293834737127341,0.02475158745389005,0.000905922098900192,-0.023845665354989855,82,15806.805908203125,18320,5,0.4083653618705868,9351.853893481626,ok,23,0.1617153602574642,-0.07428319708067498,0.08686404711722087,0.0748513131402433,-0.012012733976977566,125,17,cached,76,Allen_2022-03-30,41
0.03267421459847052,-0.4937379011981525,0.024403356368808696,0.008270858229661828,-0.01613249813914687,85,53255.87109375,18320,5,0.5319169594658852,24928.170067855368,ok,23,0.32198869967833166,0.219261370159351,0.12569450810551644,0.19629419157281522,0.07059968346729878,125,17,cached,76,Allen_2022-03-30,41
0.2524611823260784,-1.0,0.2524611823260784,0.0,-0.2524611823260784,87,171754.677734375,18315,5,0.4343403390922267,97154.69276655045,ok,23,0.5386445208297422,0.05186871956001719,0.25535285961814225,0.2832916612116,0.02793880159345774,125,17,cached,76,Allen_2022-03-30,41
0.16800947027901808,-1.0,0.16800947027901808,0.0,-0.16800947027901808,88,316589.4375,18320,5,0.6122110726035129,122769.87839318218,ok,23,0.9281945339869708,0.032093795873890024,0.4492026240409663,0.4789919099460046,0.02978928590503832,125,17,cached,76,Allen_2022-03-30,41
0.034605204098261316,-0.6308326331953351,0.02821764806091475,0.0063875560373465624,-0.021830092023568188,89,159846.705078125,18320,5,0.5930260308404532,65053.44802272001,ok,23,0.6436641511507334,0.053363755023580164,0.3046579075356325,0.3390062436151009,0.03434833607946841,125,17,cached,76,Allen_2022-03-30,41
0.21800924775501093,-1.0,0.21800924775501093,0.0,-0.21800924775501093,98,120790.41796875,18320,5,0.4913589089144903,61438.96998829975,ok,23,0.5191096893278883,0.014079715262290427,0.2559003863561278,0.2632093029717605,0.00730891661563271,125,17,cached,76,Allen_2022-03-30,41
0.18047146213551363,-1.0,0.18047146213551363,0.0,-0.18047146213551363,99,160610.421875,18320,5,0.6002639370600182,64201.77770744202,ok,23,0.6389659024930249,0.020269423957166254,0.3130072158606102,0.3259586866324147,0.012951470771804474,125,17,cached,76,Allen_2022-03-30,41
0.14190048559879265,-1.0,0.14190048559879265,0.0,-0.14190048559879265,105,50013.6015625,18320,5,0.5412591245721482,22943.283364081028,ok,23,0.3616592365627488,0.09861409443871015,0.16299726922685903,0.19866196733588976,0.035664698109030724,125,17,cached,76,Allen_2022-03-30,41
0.0704507673556994,-0.9054038432496316,0.06711858143971766,0.003332185915981731,-0.06378639552373593,108,66445.384765625,18320,5,0.5686479359436335,28661.353865671794,ok,23,0.3933705833119651,0.017404058393263887,0.1932621693549057,0.20010841395705942,0.006846244602153717,125,17,cached,76,Allen_2022-03-30,41
0.17108129315699142,-0.7527344224065656,0.14993003577304384,0.021151257383947575,-0.12877877838909627,110,276331.5625,18320,5,0.5050248962242494,136777.24382495283,ok,23,0.6946880812232847,0.2110087366611864,0.2740514134153879,0.4206366678078969,0.14658525439250897,125,17,cached,76,Allen_2022-03-30,41
0.11842161292055,-0.6180725399922224,0.09580738000416507,0.022614232916384938,-0.07319314708778013,116,141107.328125,18320,5,0.48011855988971874,73359.08095573899,ok,23,0.4974471262268102,-0.11032885533496761,0.27616494912654166,0.22128217710026854,-0.05488277202627312,125,17,cached,76,Allen_2022-03-30,41
0.08286076122894882,0.9183286621536211,0.003383674612268807,0.07947708661668001,0.0760934120044112,119,25727.791748046875,10500,5,0.4843408105714445,13266.77223858453,ok,9,0.27699262409781417,0.638431686916875,0.0500758779157574,0.22691674618205676,0.17684086826629936,125,4,cached,76,Allen_2022-03-30,15
0.07217569996913274,-1.0,0.07217569996913274,0.0,-0.07217569996913274,121,17869.23095703125,18320,5,0.4345494180623569,10104.167043431467,ok,23,0.18683214160749534,0.18050226495633823,0.07655425844034956,0.11027788316714579,0.03372362472679623,125,17,cached,76,Allen_2022-03-30,41
0.25201802961528297,-1.0,0.25201802961528297,0.0,-0.25201802961528297,123,135041.25,16068,5,0.471017960920313,71434.39578486978,ok,16,0.3636170631274581,-0.6441262261979982,0.2989161748904735,0.06470088823698462,-0.2342152866534889,125,11,cached,76,Allen_2022-03-30,27
0.3971932098269462,-1.0,0.3971932098269462,0.0,-0.3971932098269462,126,410626.1640625,18316,5,0.5912684640686047,167835.86273088274,ok,23,0.8241402132126192,-0.4553388623699739,0.5997016401651005,0.22443857304751874,-0.3752630671175818,125,17,cached,76,Allen_2022-03-30,40
0.16321760845991473,-0.8823820812386315,0.15361895075378318,0.009598657706131542,-0.14402029304765163,129,210306.107421875,18320,5,0.5137155902858089,102268.58130693574,ok,23,0.5178191327800354,-0.639441033424722,0.4244669670859973,0.09335216569403809,-0.3311148013919592,125,17,cached,76,Allen_2022-03-30,41
0.054793299592953794,-0.8377225863647427,0.05034744212171063,0.00444585747124317,-0.04590158465046746,130,34769.82861328125,18320,5,0.4722000312537048,18351.514455403885,ok,23,0.2370715145332118,0.06919538414181534,0.11033363000800213,0.12673788452520968,0.016404254517207548,125,17,cached,76,Allen_2022-03-30,41
0.02583334137064715,0.6341572905820674,0.004725469800177962,0.02110787157046919,0.016382401770291228,131,28831.35302734375,18320,5,0.5471053882400272,13057.564435833563,ok,23,0.24570144321769477,-0.9006949820781245,0.23350175010661284,0.012199693111081922,-0.2213020569955309,125,17,cached,76,Allen_2022-03-30,41
0.0745844226029779,-0.8791322901047093,0.07007699842603565,0.004507424176942247,-0.0655695742490934,132,43450.087890625,18316,5,0.2956510603836924,30604.023331997087,ok,23,0.24906456658645768,-0.6265303662852064,0.2025555403592686,0.04650902622718908,-0.1560465141320795,125,17,cached,76,Allen_2022-03-30,41
0.1665852905755552,-0.4994115559980083,0.1248899548741368,0.04169533570141842,-0.08319461917271838,133,222266.19921875,18320,5,0.5600450955970171,97787.10442929952,ok,23,0.58419950682049,-0.3200482966184979,0.3855857819318772,0.19861372488861284,-0.18697205704326436,125,17,cached,76,Allen_2022-03-30,41
0.049882516697592416,-0.9854069204579933,0.049518546930630694,0.00036396976696172114,-0.04915457716366897,135,15223.03759765625,18320,5,0.42734660337602204,8717.524187232373,ok,23,0.1528700858723217,0.42049396179693577,0.044294568911815685,0.10857551696050602,0.06428094804869033,125,17,cached,76,Allen_2022-03-30,41
0.1344153751929601,-1.0,0.1344153751929601,0.0,-0.1344153751929601,137,26727.984375,18320,5,0.4097621135620748,15775.869006245888,ok,23,0.14784307293884924,-0.13843284379406012,0.08415470498051339,0.06368836795833584,-0.020466337022177553,125,17,cached,76,Allen_2022-03-30,41
0.10182461297372357,0.11225182785239482,0.04519730702353021,0.05662730595019336,0.011429998926663146,139,53380.033203125,18320,5,0.36564261927899155,33862.01804553484,ok,23,0.21441191622967987,0.6025587040173389,0.04260807493022488,0.171803841299455,0.12919576636923014,125,17,cached,76,Allen_2022-03-30,41
0.1767828370992599,-0.26872723183482666,0.11214459977442555,0.06463823732483434,-0.04750636244959121,140,127485.619140625,18289,5,0.4477994129603601,70397.63372856508,ok,23,0.39028959253337236,0.06592337227470667,0.18228019321492564,0.20800939931844672,0.025729206103521085,125,17,cached,76,Allen_2022-03-30,41
0.18019142202586713,-0.7760226090351973,0.16001201973607143,0.020179402289795693,-0.13983261744627573,141,64300.26953125,18317,5,0.39915568167206605,38634.45161480633,ok,23,0.27365885496643994,0.6319438063239098,0.05036091826235254,0.22329793670408737,0.17293701844173484,125,17,cached,76,Allen_2022-03-30,41
0.20658992483828723,-0.7036223482080275,0.1759756064345614,0.030614318403725832,-0.14536128803083556,143,101400.572265625,18320,5,0.5395274825558688,46692.176781427894,ok,23,0.3720679251923381,0.1283209125003041,0.1621619147597812,0.2099060104325569,0.04774409567277571,125,17,cached,76,Allen_2022-03-30,41
0.09936461940718194,-0.8309600031529152,0.09096632193153104,0.00839829747565091,-0.08256802445588013,145,299519.11328125,18320,5,0.5534011841080624,133764.88132840936,ok,23,0.8274515275998662,0.022237793177911355,0.40452541583217677,0.4229261117676894,0.018400695935512634,125,17,cached,76,Allen_2022-03-30,41
0.1135664030366267,-0.8692602707375401,0.10614258264346671,0.007423820393159988,-0.09871876225030672,146,218831.1953125,18318,5,0.4397986412780658,122589.53294480746,ok,23,0.6156135964702116,0.4459320323583313,0.17054588712441426,0.44506770934579737,0.2745218222213831,125,17,cached,76,Allen_2022-03-30,41
0.1131741732438968,-0.999579722955755,0.11315039099038889,2.3782253507912816e-05,-0.11312660873688098,147,155026.19921875,18304,5,0.49712983135163924,77958.05094604718,ok,23,0.4162066157868443,-0.9899690257924358,0.4141191368728566,0.002087478913987678,-0.4120316579588689,125,17,cached,76,Allen_2022-03-30,41
0.15543798837655534,0.5145993123605356,0.03772485322163751,0.11771313515491783,0.07998828193328031,148,272868.89453125,18320,5,0.6017202339800971,108678.1594680158,ok,23,0.7222062050035067,0.5386698484526914,0.16658774900133722,0.5556184560021695,0.3890307070008323,125,17,cached,76,Allen_2022-03-30,41
0.013325870281551033,0.9585648874693365,0.0002760794673425458,0.013049790814208487,0.012773711346865942,149,9991.125610351562,18251,5,0.3933071229374542,6061.544741637474,ok,23,0.12354332489485385,0.576835973124259,0.02613954542806217,0.09740377946679168,0.07126423403872952,125,16,cached,76,Allen_2022-03-30,40
0.025024401450355067,0.38300578880181185,0.007719955416784311,0.01730444603357076,0.009584490616786448,150,23995.736572265625,18320,5,0.48240900644326323,12419.977133564691,ok,23,0.180813240702264,0.3545593823287786,0.05835210488100226,0.12246113582126175,0.06410903094025949,125,17,cached,76,Allen_2022-03-30,41
0.14627266861110305,0.39122665856065186,0.04452345061581582,0.10174921799528722,0.057225767379471396,152,747755.2890625,18320,5,0.5978600261786998,300702.2923683325,ok,23,1.2956920715436961,0.08772497986039426,0.5910137553311264,0.7046783162125697,0.11366456088144328,125,17,cached,76,Allen_2022-03-30,41
0.04399882233701646,-1.0,0.04399882233701646,0.0,-0.04399882233701646,158,5511.4241943359375,18320,5,0.38469490833009434,3391.20736912761,ok,23,0.09303689212926354,0.21469853258270188,0.036531003956527766,0.056505888172735774,0.019974884216208008,125,17,cached,76,Allen_2022-03-30,41
0.09442587302764878,-0.7503917457922334,0.08264113436841096,0.011784738659237824,-0.07085639570917314,161,313751.69140625,18320,5,0.3753054513441618,195998.97125303317,ok,23,0.5550122393877246,-0.2609233772647482,0.3499139536560203,0.2050982857317043,-0.144815667924316,125,17,cached,76,Allen_2022-03-30,41
0.14628882485752304,-1.0,0.14628882485752304,0.0,-0.14628882485752304,163,72629.8251953125,18280,5,0.44937171529234676,39992.03606591162,ok,23,0.3445772035590684,-0.5911075327160801,0.2741296920925379,0.07044751146653049,-0.2036821806260074,125,17,cached,76,Allen_2022-03-30,41
0.03282848075420285,0.6833315738565581,0.005197871666556845,0.027630609087646005,0.02243273742108916,164,11408.746459960938,18319,5,0.2809450182917327,8203.515977081472,ok,23,0.14730586592728892,-1.0,0.14730586592728892,0.0,-0.14730586592728892,125,17,cached,76,Allen_2022-03-30,41
0.7506323789556821,-1.0,0.7506323789556821,0.0,-0.7506323789556821,166,1016471.015625,18308,5,0.44958814780158396,559477.6944161614,ok,23,1.204443336262678,-0.16866157010648747,0.7037933202305188,0.5006500160321594,-0.20314330419835935,125,17,cached,76,Allen_2022-03-30,41
0.280969072971493,-0.9789663250924143,0.27801416690150893,0.0029549060699840387,-0.2750592608315249,167,352422.34765625,18313,5,0.5791139223213024,148329.65959135737,ok,23,0.926181756518296,-0.939175726835506,0.8980145904390762,0.028167166079219895,-0.8698474243598563,125,17,cached,76,Allen_2022-03-30,41
0.261041263366739,-1.0,0.261041263366739,0.0,-0.261041263366739,168,973822.015625,18320,5,0.37299441500341246,610591.8425895091,ok,23,1.3112147202307827,-0.4981755318570189,0.9822149054302525,0.3289998148005301,-0.6532150906297224,125,17,cached,76,Allen_2022-03-30,41
0.07378813699663928,0.6356195327692071,0.013443477917462587,0.06034465907917669,0.0469011811617141,169,197418.103515625,18320,5,0.3646740471042831,125424.84473492973,ok,23,0.5294777795517197,-0.8633042962976603,0.4932891107164324,0.036188668835287305,-0.45710044188114507,125,17,cached,76,Allen_2022-03-30,41
0.014065154833224368,-0.6821287969661352,0.011829700989377063,0.0022354538438473055,-0.009594247145529759,170,4280.395446777344,18320,5,0.4086005414189542,2531.423549736895,ok,23,0.11112673560079808,0.13140931694590635,0.048261823590534436,0.06286491201026365,0.01460308841972921,125,17,cached,76,Allen_2022-03-30,41
0.012909965602739248,-0.8753763838057183,0.01210552230356067,0.0008044432991785774,-0.011301079004382092,171,954.0328369140625,18263,5,0.33176076418046796,637.5221738861934,ok,23,0.03943254106222109,-0.6381314843435797,0.0322978435108477,0.007134697551373394,-0.025163145959474303,125,17,cached,76,Allen_2022-03-30,41
0.09154268640559168,-0.745275737328773,0.07988361475678783,0.011659071648803851,-0.06822454310798398,173,503301.66015625,18315,5,0.40242735497599547,300759.30430454295,ok,23,0.950448899603604,0.11478355995852146,0.4206764956742215,0.5297724039293825,0.10909590825516102,125,17,cached,76,Allen_2022-03-30,41
0.11237701078671307,-0.9908773408140198,0.11186442220183987,0.0005125885848732051,-0.11135183361696667,174,159984.640625,18320,5,0.42232906682292215,92418.4766438432,ok,23,0.5241734169734021,-0.7764773690159233,0.465591106346498,0.058582310626904194,-0.4070087957195938,125,17,cached,76,Allen_2022-03-30,41
0.02036183258363356,0.028133017413431723,0.00989449639649441,0.010467336187139154,0.0005728397906447445,175,59287.728515625,12692,5,0.2778296122181313,42815.84189283506,ok,17,0.37402681573294105,-0.11761684985244576,0.2090093357798954,0.16501747995304566,-0.043991855826849724,125,12,cached,76,Allen_2022-03-30,30
0.09424294264269216,-0.9936249443459083,0.0939425406405159,0.0003004020021762699,-0.09364213863833963,176,196014.5625,18320,5,0.448278493236706,108145.44977004787,ok,23,0.7110340944025666,-0.3828242769069301,0.4916176037242015,0.21941649067836505,-0.27220111304583644,125,17,cached,76,Allen_2022-03-30,41
0.17873566122858997,-0.526341469023674,0.13640582586328187,0.0423298353653081,-0.09407599049797377,179,429703.0,18307,5,0.49156166875953555,218477.4762490213,ok,22,1.1902529985721535,-0.16427323093503457,0.6928898521388571,0.4973631464332964,-0.19552670570556074,125,16,cached,76,Allen_2022-03-30,39
0.19012601499756177,-1.0,0.19012601499756177,0.0,-0.19012601499756177,180,932707.515625,18320,5,0.43599759086915246,526049.2858269477,ok,23,1.457955792111655,-0.5627554033047502,1.139214145950973,0.3187416461606821,-0.8204724997902909,125,17,cached,76,Allen_2022-03-30,41
0.3183046133684304,-0.9799540584118324,0.3151142555250165,0.0031903578434139494,-0.31192389768160256,181,749528.4921875,18320,5,0.5344148346030437,348969.3470048484,ok,23,1.4525611421248568,-0.34476739184541366,0.9766784292956194,0.4758827128292373,-0.5007957164663821,125,17,cached,76,Allen_2022-03-30,41
0.28362219336753086,-1.0,0.28362219336753086,0.0,-0.28362219336753086,185,519432.26953125,18320,5,0.5205336378292522,249050.30066624377,ok,23,1.2688523958437146,-0.2924304681373216,0.819951747978727,0.4489006478649875,-0.37105110011373954,125,17,cached,76,Allen_2022-03-30,41
0.08552212565361211,-0.8889766768691739,0.08077465035797407,0.004747475295638046,-0.07602717506233603,188,79709.353515625,18320,5,0.5345862737999714,37097.82723270238,ok,23,0.39764901963256616,0.24465529828357627,0.1501810400610945,0.24746797957147165,0.09728693951037715,125,17,cached,76,Allen_2022-03-30,41
0.04540293968279912,-0.32612946252287556,0.030105087999254466,0.015297851683544651,-0.014807236315709816,189,60667.2109375,18320,5,0.5031086980104054,30145.009430811748,ok,23,0.33778979059619213,0.10011506683325563,0.15198597156753146,0.18580381902866067,0.0338178474611292,125,17,cached,76,Allen_2022-03-30,41
0.06972225295127524,-0.9980859483950472,0.06965552695619408,6.672599508116652e-05,-0.06958880096111292,190,47646.09375,18320,5,0.5899376743463942,19537.868011434733,ok,23,0.32174342793878175,-0.3245583931567564,0.21308397895966968,0.10865944897911203,-0.10442452998055765,125,17,cached,76,Allen_2022-03-30,41
0.06165673696650628,-0.429555011938917,0.04407084867513428,0.017585888291372007,-0.02648496038376227,191,24683.3916015625,18320,5,0.588829525898632,10149.08182724418,ok,23,0.19660868464367623,-0.23875459959611237,0.12177495621144774,0.07483372843222849,-0.04694122777921925,125,17,cached,76,Allen_2022-03-30,41
0.03970150037202984,-1.0,0.03970150037202984,0.0,-0.03970150037202984,192,19928.404296875,18320,5,0.5828832979934564,8312.470276565531,ok,23,0.21236699963337743,-0.2657171841820458,0.13439828039457402,0.07796871923880341,-0.05642956115577061,125,17,cached,76,Allen_2022-03-30,41
0.10281212585590159,0.9304423237218764,0.003575686283875257,0.09923643957202634,0.09566075328815109,8,44180.1083984375,17360,5,0.6688660351940865,14629.534459529645,ok,34,0.27334367294194334,0.7645488053430566,0.032179547173048675,0.24116412576889465,0.20898457859584596,132,17,cached,80,Allen_2022-04-01,44
0.10782843378838153,-0.815624602496262,0.09788797861741236,0.009940455170969168,-0.08794752344644319,16,44057.3369140625,17360,5,0.7292587463617826,11928.138628074594,ok,34,0.2440490539496144,-1.0,0.2440490539496144,0.0,-0.2440490539496144,132,17,cached,80,Allen_2022-04-01,44
0.24094033716246488,1.0,0.0,0.24094033716246488,0.24094033716246488,18,42236.7607421875,17355,5,0.3698338603610084,26616.176467760008,ok,33,0.14519349446539614,0.1492399931476821,0.061762409173146196,0.08343108529224993,0.02166867611910374,132,17,cached,80,Allen_2022-04-01,43
0.234735829445223,-1.0,0.234735829445223,0.0,-0.234735829445223,19,216096.2890625,17360,5,0.4877174901133454,110702.34933812951,ok,34,0.5911411301194069,-0.1505730499313507,0.34007552651067574,0.2510656036087312,-0.08900992290194454,132,17,cached,80,Allen_2022-04-01,44
0.27605529536910284,-0.9561516825774881,0.270003015260348,0.006052280108754838,-0.2639507351515931,20,406539.7578125,17347,5,0.49398701742247886,205714.3953870462,ok,34,0.6909901469480246,-0.38143158320625026,0.4772778063391646,0.21371234060886007,-0.26356546573030454,132,17,cached,80,Allen_2022-04-01,44
0.08216937943361699,-1.0,0.08216937943361699,0.0,-0.08216937943361699,22,36122.92333984375,17360,5,0.4667807291214974,19261.43884527153,ok,34,0.23738735916170606,0.10628118923830696,0.10607877415992942,0.13130858500177664,0.025229810841847222,132,17,cached,80,Allen_2022-04-01,44
0.20071219008241314,-0.8879179051414502,0.189464068718371,0.011248121364042168,-0.17821594735432883,23,123118.185546875,17360,5,0.5201218657733664,59081.725169602854,ok,34,0.4198727854818572,-0.3513396222319833,0.2836953656592717,0.13617741982258547,-0.14751794583668626,132,17,cached,80,Allen_2022-04-01,44
0.32343790953358015,-1.0,0.32343790953358015,0.0,-0.32343790953358015,24,325889.52734375,17360,5,0.4431510958513688,181471.22617488255,ok,34,0.7313420638209209,-0.46313638627445924,0.5350265921947236,0.19631547162619734,-0.33871112056852626,132,17,cached,80,Allen_2022-04-01,44
0.21544031427862745,-0.8648250965539097,0.20087925243812305,0.014561061840504413,-0.18631819059761864,26,617016.765625,17360,5,0.44760540556483264,340836.72600712057,ok,34,0.9325006937608125,0.041392916467851724,0.44695088521887866,0.48554980854193375,0.03859892332305509,132,17,cached,80,Allen_2022-04-01,44
0.18913665097206828,-1.0,0.18913665097206828,0.0,-0.18913665097206828,32,307642.00390625,17360,5,0.3956355857639632,185927.87948520132,ok,34,0.6902003664329338,-0.29092757192224045,0.44549934158955395,0.24470102484337988,-0.20079831674617407,132,17,cached,80,Allen_2022-04-01,44
0.05111957015857722,-0.26873101774989894,0.03242849213711452,0.0186910780214627,-0.013737414115651818,35,58729.7265625,17360,5,0.6282302485517437,21833.93584676468,ok,34,0.3519353864268244,0.45238390588926725,0.0963627408472045,0.25557264557961995,0.15920990473241545,132,17,cached,80,Allen_2022-04-01,44
0.18517810018189873,-0.6949585257446742,0.15693459984225533,0.028243500339643415,-0.12869109950261193,37,83973.9365234375,17353,5,0.3853303520276887,51616.23000171054,ok,34,0.20249181670369581,-0.3154696070636552,0.13318591527640822,0.06930590142728761,-0.0638800138491206,132,17,cached,80,Allen_2022-04-01,44
0.5872085630428047,-0.9952260634176291,0.5858069148225089,0.0014016482202957087,-0.5844052666022131,38,1722956.5,17319,5,0.5974279687314656,693614.0979923244,ok,34,1.530552401797225,-0.9730507365176061,1.5099287718224028,0.020623629974822207,-1.4893051418475807,132,17,cached,80,Allen_2022-04-01,44
0.06361741150952488,0.3758676889478167,0.01985284103429876,0.04376457047522611,0.02391172944092735,39,262917.0703125,17360,5,0.4896219993965977,134187.0886705979,ok,34,0.7618568352348425,0.2003560943876453,0.3046070876223288,0.45724974761251364,0.15264265999018484,132,17,cached,80,Allen_2022-04-01,44
0.08373125087236985,0.9269585803530181,0.003057924716267736,0.08067332615610211,0.07761540143983436,43,3715.6157836914062,17348,5,0.10892244572542298,3310.901825155754,ok,34,0.08597668073295307,-0.7561760831437357,0.07549509520564851,0.010481585527304563,-0.06501350967834395,132,17,cached,80,Allen_2022-04-01,44
0.23859396419478193,-0.2518991257388573,0.14934778759100786,0.08924617660377407,-0.060101610987233794,44,1021084.0,17360,5,0.5422297059727843,467421.92290648556,ok,34,1.449195607037594,0.3603963222095172,0.4634554200495283,0.9857401869880658,0.5222847669385375,132,17,cached,80,Allen_2022-04-01,44
0.0371857666313493,-0.8932886758707029,0.035201695433352144,0.001984071197997158,-0.03321762423535499,48,28145.40576171875,17347,5,0.4366845258590749,15854.742591551323,ok,34,0.18329693457344548,-0.5284974144112142,0.14008444528250646,0.04321248929093903,-0.09687195599156743,132,17,cached,80,Allen_2022-04-01,44
0.029877643244981305,-0.8775281386556592,0.028048057954583788,0.0018295852903975173,-0.02621847266418627,49,114155.37109375,17360,5,0.4843955338075099,58859.01917579858,ok,34,0.46674567994335425,-0.07260098149215805,0.2503159372072332,0.21642974273612103,-0.033886194471112185,132,17,cached,80,Allen_2022-04-01,44
0.06021735877923978,-0.4991168704533402,0.045136429220049956,0.015080929559189826,-0.03005549966086013,50,27017.6806640625,17340,5,0.36964002950318275,17030.86438629087,ok,34,0.16533821574261084,0.10115199116944595,0.07430696300192116,0.09103125274068968,0.016724289738768522,132,16,cached,80,Allen_2022-04-01,43
0.1879928858950734,-1.0,0.1879928858950734,0.0,-0.1879928858950734,51,549062.6484375,17348,5,0.5236815083907542,261528.6925027276,ok,33,1.024469856871292,0.12258607884797243,0.4494420571097484,0.5750277997615436,0.12558574265179523,132,16,cached,80,Allen_2022-04-01,43
0.16370288203470407,-0.6982589145373382,0.13900493937544522,0.024697942659258842,-0.11430699671618638,52,516113.84765625,17360,5,0.5192761462058919,248108.23784181767,ok,34,1.099562654613207,-0.20799902215465205,0.6641353057852637,0.43542734882794326,-0.22870795695732044,132,17,cached,80,Allen_2022-04-01,44
0.030558349558850752,-0.49681492969349067,0.02287009692324015,0.007688252635610602,-0.015181844287629549,58,39312.32373046875,17360,5,0.43173946350982817,22339.642173751483,ok,34,0.24353222609691633,-0.033762617617426056,0.12587725576207354,0.1176549703348428,-0.008222285427230733,132,17,cached,80,Allen_2022-04-01,44
0.05336835548126449,-0.9895938684335676,0.053090676416953406,0.00027767906431108713,-0.05281299735264232,61,95659.712890625,14405,5,0.6267667216201678,35703.38825104147,ok,32,0.4393716377341965,-0.6294751116846962,0.35797257423400886,0.08139906350018769,-0.2765735107338212,132,17,cached,80,Allen_2022-04-01,41
0.11827863932897648,-1.0,0.11827863932897648,0.0,-0.11827863932897648,63,547351.0,17360,5,0.41359834997547795,320967.52954257216,ok,34,0.9765941654487202,-0.23612777002698862,0.6035975839787473,0.372996581469973,-0.2306010025087743,132,17,cached,80,Allen_2022-04-01,44
0.07268591055568929,-0.45454192005786415,0.052862351950413236,0.01982355860527605,-0.033038793345137187,64,36919.567626953125,17357,5,0.09751634388497543,33319.30637415856,ok,34,0.11393508527059262,0.5706230456029715,0.02446054995622641,0.08947453531436622,0.06501398535813982,132,17,cached,80,Allen_2022-04-01,44
0.08353598354248486,-0.4441744930846245,0.0603202683433968,0.02321571519908806,-0.037104553144308744,65,153114.328125,17360,5,0.6485525537324018,53811.63960651033,ok,34,0.5934070452504482,0.35583528485067034,0.19112594013568016,0.402281105114768,0.21115516497908784,132,17,cached,80,Allen_2022-04-01,44
0.01870554976170145,-0.9972707686618466,0.01868002387539794,2.5525886303512397e-05,-0.018654497989094427,69,4164.964050292969,17360,5,0.5853757995621413,1726.8948892051478,ok,34,0.0950255140545778,-0.026612906100927557,0.04877720956865233,0.04624830448592548,-0.002528905082726851,132,17,cached,80,Allen_2022-04-01,44
0.022522878065744104,-0.7757782732641847,0.019997818760263422,0.002525059305480681,-0.01747275945478274,70,5012.7398681640625,17360,5,0.5744882719143509,2132.979603746319,ok,34,0.11776878004651128,0.2843098776460682,0.04214297630048047,0.07562580374603081,0.03348282744555034,132,17,cached,80,Allen_2022-04-01,44
0.38575525966783364,1.0,0.0,0.38575525966783364,0.38575525966783364,86,256725.9296875,17360,5,0.6958026201441336,78095.3551519989,ok,34,0.3270628397304487,0.8840840044631431,0.018955907335233252,0.30810693239521547,0.28915102505998225,132,17,cached,80,Allen_2022-04-01,44
0.07486381768248976,-0.6844099269810981,0.06305067883804441,0.011813138844445348,-0.05123753999359906,88,24354.01220703125,17360,5,0.5908845127404417,9963.60357080482,ok,34,0.28635968684878516,-0.06847433976243447,0.1529839886701666,0.13337569817861855,-0.019608290491548053,132,17,cached,80,Allen_2022-04-01,44
0.03322606736328453,0.6581524675576126,0.005679124570451678,0.027546942792832853,0.021867818222381173,95,31313.7529296875,17360,5,0.6239903494298555,11774.273297131635,ok,34,0.3108793873262281,-0.09129799412122916,0.16963102590137472,0.14124836142485342,-0.028382664476521297,132,17,cached,80,Allen_2022-04-01,44
0.15322646194448075,-1.0,0.15322646194448075,0.0,-0.15322646194448075,97,104826.76953125,17358,5,0.5055279305493331,51833.909663945306,ok,33,0.40384349233936523,-0.22246335457773567,0.24684193518478426,0.15700155715458097,-0.08984037803020328,132,17,cached,80,Allen_2022-04-01,43
0.09939867463738969,-0.8273948337988297,0.09082031225940834,0.008578362377981345,-0.082241949881427,99,14393.995239257812,17344,5,0.7016402292018169,4294.589120455099,ok,34,0.14912633827868074,-0.5417318284293146,0.11495641109067947,0.03416992718800126,-0.0807864839026782,132,17,cached,80,Allen_2022-04-01,44
0.2620562709247073,1.0,0.0,0.2620562709247073,0.2620562709247073,100,35480.38427734375,17314,5,0.29563027032281397,24991.3086822753,ok,34,0.11101744190285294,0.06504729486466959,0.05189802881213837,0.05911941309071457,0.007221384278576201,132,17,cached,80,Allen_2022-04-01,44
0.2023040909242506,-0.07572235877572882,0.10881151693950719,0.09349257398474342,-0.01531894295476377,104,76234.6962890625,17360,5,0.35209004043763636,49393.218989895555,ok,34,0.21355199871468356,0.40930770788026194,0.0630717598037639,0.15048023891091966,0.08740847910715577,132,17,cached,80,Allen_2022-04-01,44
0.043407685304797876,-0.7770688320382939,0.03856922231304149,0.004838462991756389,-0.0337307593212851,105,160317.380859375,17310,5,0.3572359749884494,103046.2450004816,ok,33,0.4644562597813396,-0.3674932871006599,0.31757040870143105,0.14688585107990854,-0.17068455762152251,132,16,cached,80,Allen_2022-04-01,43
0.08049810693070564,-0.46573092517448667,0.05899428237316897,0.021503824557536674,-0.037490457815632296,108,20437.81640625,17323,5,0.33224299736561036,13647.495023829453,ok,33,0.1393751274328679,0.2489912886157297,0.05233596742618829,0.0870391600066796,0.034703192580491315,132,17,cached,80,Allen_2022-04-01,43
0.300953744041423,-0.8996062594563021,0.28584680799394846,0.015106936047474543,-0.2707398719464739,109,404864.328125,17360,5,0.6503724362176149,141551.72870473596,ok,34,0.9902535351769379,-0.08818380282846179,0.5387889288365841,0.4514646063403538,-0.08732432249623034,132,17,cached,80,Allen_2022-04-01,44
0.11754377956191699,-0.4202418914140564,0.08347029990448694,0.034073479657430045,-0.0493968202470569,110,108188.2666015625,9847,5,0.43624032150793857,60992.182395910306,ok,14,0.5921810962046341,0.40684203988162637,0.17562846552270156,0.41655263068193255,0.24092416515923099,132,9,cached,80,Allen_2022-04-01,21
0.03163223611045396,-0.8110076758501927,0.02864311120016888,0.002989124910285076,-0.025653986289883805,112,34698.99426269531,17241,5,0.031265158581300745,33614.1247044605,ok,34,0.045337263127400246,-0.556835788724514,0.035291336899778494,0.010045926227621751,-0.025245410672156743,132,17,cached,80,Allen_2022-04-01,44
0.07882208342004257,-0.3854294122163221,0.054601216351147744,0.024220867068894827,-0.030380349282252916,114,136839.2578125,17360,5,0.4557178704578493,74479.16264715488,ok,34,0.5012016588637683,-0.0743273324960001,0.2692273206048412,0.2319743382589271,-0.03725298234591412,132,17,cached,80,Allen_2022-04-01,44
0.47758526441951593,-1.0,0.47758526441951593,0.0,-0.47758526441951593,117,551238.5390625,17322,5,0.5185495181132123,265394.06026620953,ok,33,0.8732394274751035,-0.6861819374402289,0.7362202748345832,0.13701915264052034,-0.5992011221940629,132,17,cached,80,Allen_2022-04-01,43
0.045236561369771756,-1.0,0.045236561369771756,0.0,-0.045236561369771756,118,13491.718017578125,17360,5,0.3634958341668849,8587.534722434173,ok,34,0.16788824075677744,0.10010699438541505,0.07554072679098076,0.09234751396579668,0.01680678717481593,132,17,cached,80,Allen_2022-04-01,44
0.04559669904604865,-0.7329735001467315,0.03950893557048403,0.00608776347556462,-0.03342117209491941,119,25553.70361328125,17337,5,0.4585944846180521,13834.91607466608,ok,34,0.2189529291111588,-0.27330358684655476,0.13939677499389896,0.07955615411725983,-0.05984062087663913,132,17,cached,80,Allen_2022-04-01,44
0.04631415130570532,-1.0,0.04631415130570532,0.0,-0.04631415130570532,120,135321.1142578125,17360,5,0.4720442832079198,71443.55587508639,ok,34,0.555812752333198,-0.0022601519774175993,0.2785344868122289,0.2772782655209691,-0.0012562212912597959,132,17,cached,80,Allen_2022-04-01,44
0.16647788701617777,-0.9873366290817281,0.16542380139968976,0.0010540856164880108,-0.16436971578320175,121,92924.41796875,16522,5,0.4633856742171183,49864.57389706748,ok,27,0.439198942129345,-0.469880216983616,0.3227849181780281,0.11641402395131689,-0.20637089422671123,132,12,cached,80,Allen_2022-04-01,37
0.06689831804251298,0.07660750421257329,0.03088670243062855,0.03601161561188443,0.00512491318125588,123,38134.2412109375,17360,5,0.47769458742562476,19917.720588889453,ok,34,0.2442600189368629,-0.5965887287675797,0.19499139656157544,0.04926862237528744,-0.14572277418628798,132,17,cached,80,Allen_2022-04-01,44
0.13859103336775053,-0.8832999027498175,0.13050423983174064,0.008086793536009891,-0.12241744629573076,124,105112.19140625,17360,5,0.4770046664192429,54973.185607916115,ok,34,0.4226843534002304,0.03605173616822046,0.20372292430450523,0.2189614290957252,0.015238504791219964,132,17,cached,80,Allen_2022-04-01,44
0.21616239720024172,0.9256532024820325,0.008035490987822413,0.2081269062124193,0.2000914152245969,125,176723.61328125,16756,5,0.6284465761677047,65662.26358666293,ok,32,0.7034200448698054,0.06299984583826693,0.32955234524173044,0.373867699628075,0.04431535438634454,132,15,cached,80,Allen_2022-04-01,41
0.05763192629286399,0.16673074369996083,0.024011456180596726,0.033620470112267264,0.009609013931670539,126,39860.4873046875,17360,5,0.4458227770384461,22089.774160405992,ok,34,0.2583399220267893,0.3092367795918741,0.08922585824960455,0.16911406377718474,0.07988820552758019,132,17,cached,80,Allen_2022-04-01,44
0.1704463413140426,0.8623907256311724,0.011727498673523466,0.15871884264051914,0.14699134396699567,127,214555.525390625,17360,5,0.524973037356836,101919.65954461685,ok,34,0.69819435923467,-0.08782174343178718,0.37975550255844914,0.3184388566762209,-0.06131664588222824,132,17,cached,80,Allen_2022-04-01,44
0.01517272734672588,0.7806948840667687,0.0016637283648985133,0.013508998981827365,0.011845270616928852,130,20648.530029296875,17360,5,0.43106712004958225,11747.627656310555,ok,34,0.20428378191233304,-0.40745655376646317,0.143760273840356,0.06052350807197704,-0.08323676576837896,132,17,cached,80,Allen_2022-04-01,44
0.04942002739214028,0.9949292451587093,0.00012529842157770577,0.04929472897056257,0.049169430548984865,133,9531.049011230469,17359,5,0.5219909843104623,4555.927356347018,ok,34,0.16690577458551464,0.1926808977038921,0.0673731100532071,0.09953266453230752,0.03215955447910042,132,17,cached,80,Allen_2022-04-01,44
0.16969405049458147,0.8844300350393417,0.00980576773484548,0.159888282759736,0.1500825150248905,134,541473.3515625,17360,5,0.47184740772374945,285980.55427624396,ok,34,1.0520574455692744,-0.02676419434271962,0.5401074577510978,0.5119499878181766,-0.02815746993292123,132,17,cached,80,Allen_2022-04-01,44
0.08809481473532894,-0.8513885899052843,0.08154886741540396,0.0065459473199249866,-0.07500292009547897,136,425792.65625,17360,5,0.4608664111715227,229559.12286087265,ok,34,0.8927035135488647,-0.6455738686580589,0.7345047871776236,0.15819872637124113,-0.5763060608063825,132,17,cached,80,Allen_2022-04-01,44
0.07006745335675077,-0.46364653161242236,0.05127699254226172,0.01879046081448905,-0.032486531727772675,137,225014.79296875,17357,5,0.4543334265436879,122783.05105623929,ok,33,0.6106923167826608,-0.7306837011638112,0.528457619540859,0.08223469724180178,-0.44622292229905725,132,16,cached,80,Allen_2022-04-01,43
0.1561078090210989,0.6173301958631499,0.02986887235116835,0.12623893666993052,0.09637006431876217,138,728110.2265625,15781,5,0.45150732384488546,399363.1267031724,ok,27,1.4373078547941989,-0.44395182049938703,1.037701646774076,0.3996062080201228,-0.6380954387539532,132,13,cached,80,Allen_2022-04-01,36
0.1989662902371492,-0.906171790138414,0.18963196481927297,0.009334325417876243,-0.18029763940139673,139,845649.484375,17360,5,0.4123189889726089,496972.143952292,ok,34,1.2896549643715847,-0.6669684813054967,1.0749070886832974,0.21474787568828718,-0.8601592129950102,132,17,cached,80,Allen_2022-04-01,44
0.10997582302273562,-0.8275803026462202,0.10049482396182916,0.00948099906090647,-0.09101382490092269,140,569960.5078125,17360,5,0.39493356318817263,344863.97358556907,ok,34,1.0310837099018197,-0.5540642981030683,0.8011851909570396,0.22989851894478008,-0.5712866720122595,132,17,cached,80,Allen_2022-04-01,44
0.04194824289249179,0.0995965651869328,0.01888517099238622,0.02306307190010557,0.004177900907719349,141,133735.6259765625,17360,5,0.3187378237998687,91109.02358827977,ok,34,0.5103588436031714,-0.3306174638659154,0.3395461950683967,0.1708126485347748,-0.16873354653362188,132,17,cached,80,Allen_2022-04-01,44
0.22591317978998027,-1.0,0.22591317978998027,0.0,-0.22591317978998027,143,741169.6953125,17360,5,0.37301169330370365,464704.73223859427,ok,34,1.170310691666479,-0.13579534180934016,0.6646167160322269,0.5056939756342521,-0.15892274039797483,132,17,cached,80,Allen_2022-04-01,44
0.07199282868144413,-0.5213500050611537,0.0547631451394409,0.017229683542003233,-0.03753346159743767,144,302185.416015625,17360,5,0.36907913294034544,190655.08468536055,ok,34,0.7444123451753211,-0.4958654572224551,0.5567703565388609,0.18764198863646017,-0.36912836790240067,132,17,cached,80,Allen_2022-04-01,44
0.06439582698512822,-0.871547600057495,0.06025992772386719,0.004135899261261027,-0.05612402846260617,145,124472.234375,17360,5,0.3220088309277661,84391.07570093934,ok,34,0.4177129023543482,-0.37300978928147677,0.28676195202084886,0.13095095033349935,-0.15581100168734952,132,17,cached,80,Allen_2022-04-01,44
0.08376771242668232,-0.6863045736865953,0.07062893829618892,0.013138774130493403,-0.05749016416569552,147,1171130.21875,17360,5,0.3602938169619865,749179.2420770363,ok,34,1.1951395055744798,-0.7766557497427613,1.0616757371618102,0.13346376841266952,-0.9282119687491407,132,17,cached,80,Allen_2022-04-01,44
0.29973026410831766,-0.957158268295644,0.2933097823290155,0.006420481779302163,-0.28688930054971334,148,941543.7734375,12752,5,0.5061960871870758,464937.9994080829,ok,29,1.353228769808387,-0.4386364595804546,0.9734021231997758,0.379826646608611,-0.5935754765911648,132,14,cached,80,Allen_2022-04-01,38
0.04344393874489469,-0.722997816114871,0.03742690579044089,0.006017032954453803,-0.03140987283598709,149,100794.7958984375,17360,5,0.4073644458322131,59734.57972449948,ok,34,0.39172275942546547,-0.3015204497025622,0.2549175910030802,0.13680516842238527,-0.11811242258069493,132,17,cached,80,Allen_2022-04-01,44
0.04340909338255491,-0.7275178722064607,0.0374949923173214,0.005914101065233504,-0.0315808912520879,150,228475.580078125,17360,5,0.3750106033807168,142794.81493526808,ok,34,0.5822167234834827,-0.5200030480864144,0.4424855971708894,0.13973112631259332,-0.3027544708582961,132,17,cached,80,Allen_2022-04-01,44
0.03252138420842433,-0.5098186753916287,0.024550696613732725,0.007970687594691602,-0.016580009019041123,151,55169.86279296875,17360,5,0.34610291008047567,36075.41273158171,ok,34,0.26536879343487574,-0.4583392390800992,0.19349886214671036,0.07186993128816539,-0.12162893085854497,132,17,cached,80,Allen_2022-04-01,44
0.1925474018479387,-1.0,0.1925474018479387,0.0,-0.1925474018479387,152,166545.41015625,17360,5,0.38905074039636156,101750.79502534521,ok,34,0.4669998178258538,-0.30729208810733033,0.30525258349565165,0.16174723433020216,-0.1435053491654495,132,17,cached,80,Allen_2022-04-01,44
0.171679314908882,-1.0,0.171679314908882,0.0,-0.171679314908882,153,112195.212890625,17360,5,0.45466204464548843,61184.30799833757,ok,34,0.4101682272468073,-0.04824209702526182,0.2149778013311637,0.1951904259156436,-0.019787375415520114,132,17,cached,80,Allen_2022-04-01,44
0.17029906110838056,-1.0,0.17029906110838056,0.0,-0.17029906110838056,8,178292.48046875,13072,5,0.5469713910613501,80771.59441097923,ok,27,0.6266511471476406,-0.188749843389803,0.3724657265158991,0.25418542063174154,-0.11828030588415755,150,11,cached,88,Allen_2022-04-06,45
0.02917879729842146,-0.9371541114206738,0.028261913576473792,0.00091688372194767,-0.027345029854526123,12,17729.261962890625,15373,5,0.1843522256391159,14460.833061092817,ok,35,0.1341310601050888,0.33074607385938615,0.04488386929636666,0.08924719080872212,0.04436332151235546,150,12,cached,88,Allen_2022-04-06,53
0.03769319170775513,-1.0,0.03769319170775513,0.0,-0.03769319170775513,13,9532.518920898438,15369,5,0.5073846348260517,4695.865289245956,ok,35,0.1287398054730147,-0.9200619519066238,0.12359420109229782,0.00514560438071688,-0.11844859671158095,150,11,cached,88,Allen_2022-04-06,52
0.029977517096025016,-0.9137682257441125,0.0286850098525368,0.0012925072434882166,-0.02739250260904858,16,48685.83203125,15382,5,0.4148430013438239,28488.855348484973,ok,35,0.215657912978592,-0.9977649731521241,0.21541691236585997,0.00024100061273202295,-0.21517591175312795,150,12,cached,88,Allen_2022-04-06,53
0.1551732649599823,-0.9906988050070208,0.15445161656243728,0.0007216483975450198,-0.15372996816489226,21,90009.677734375,15382,5,0.553193395236431,40216.91850435911,ok,35,0.42118010192255806,-0.5407074949734336,0.32445766988287994,0.09672243203967812,-0.22773523784320182,150,12,cached,88,Allen_2022-04-06,53
0.07039530207500018,-0.9416031284458568,0.06833986936835573,0.0020554327066444494,-0.06628443666171129,22,67043.8701171875,15368,5,0.6088753917959424,26222.50743206868,ok,35,0.4033655021339655,0.05068041972638502,0.19146138459133605,0.21190411754262947,0.020442732951293424,150,11,cached,88,Allen_2022-04-06,52
0.4048970562551404,0.060132462500967696,0.19027479960156296,0.2146222566535774,0.024347457052014437,24,279225.9140625,15382,5,0.598436388319701,112126.96652567029,ok,35,0.4636764912710835,0.3084352279591436,0.16033116349329551,0.303345327777788,0.14301416428449248,150,12,cached,88,Allen_2022-04-06,53
0.23334949073129488,-0.9176745000483822,0.22374418398734025,0.009605306743954621,-0.21413887724338562,26,1472352.0,15378,5,0.6457310487421077,521608.5989224601,ok,34,1.770492618942323,-0.14844821917643583,1.0166595476446674,0.7538330712976555,-0.26282647634701184,150,12,cached,88,Allen_2022-04-06,52
0.07027423422162732,-0.5197981466761973,0.0534013254645591,0.01687290875706822,-0.03652841670749088,30,113046.2099609375,15382,5,0.5197002988337341,54296.06086221723,ok,35,0.4422667919910358,-0.025370438519988655,0.22674364722333848,0.2155231447676973,-0.011220502455641185,150,12,cached,88,Allen_2022-04-06,53
0.2380140539025888,-0.8086339012705046,0.21524014343352368,0.022773910469065118,-0.19246623296445856,31,1339075.640625,15382,5,0.5864914282347146,553719.2556405284,ok,35,1.6546966827979004,-0.011823952908443595,0.8371308692265302,0.81756581357137,-0.0195650556551602,150,12,cached,88,Allen_2022-04-06,53
0.049373062713614975,-0.9504650354650181,0.0481502162583638,0.0012228464552511776,-0.04692736980311262,34,42963.91796875,15382,5,0.5067993821395873,21189.830887891585,ok,35,0.28511108317179606,0.31120443733297126,0.09819162447796165,0.18691945869383442,0.08872783421587277,150,12,cached,88,Allen_2022-04-06,53
0.09932677847488472,-0.7217373255962444,0.08550731096571931,0.013819467509165411,-0.0716878434565539,37,174197.02734375,15382,5,0.4344044134341988,98525.0698585072,ok,35,0.45408300701528787,-0.8053413061445134,0.409887404491504,0.04419560252378386,-0.36569180196772016,150,12,cached,88,Allen_2022-04-06,53
0.2776913055529197,-1.0,0.2776913055529197,0.0,-0.2776913055529197,39,902292.484375,15382,5,0.6091127366027587,352694.6400012419,ok,35,1.389900858436401,-0.19908288268802654,0.8333031639922411,0.5565976944441597,-0.2767054695480814,150,12,cached,88,Allen_2022-04-06,53
0.1285729661467485,-0.26395654473205404,0.0812553210183978,0.04731764512835071,-0.03393767589004709,41,1176229.8125,15367,5,0.6102179806327652,458473.23155619384,ok,34,1.715815597916177,0.4622877684890628,0.46130751700839034,1.2545080809077869,0.7932005638993965,150,11,cached,88,Allen_2022-04-06,51
0.11666932764734762,-0.7770635328359423,0.10366440378129482,0.013004923866052804,-0.09065947991524202,43,48403.7001953125,15382,5,0.5523021465815585,21670.2326749512,ok,35,0.2433615165646188,0.08734315060249043,0.11105277748623242,0.1323087390783864,0.02125596159215397,150,12,cached,88,Allen_2022-04-06,53
0.052407748676099195,-0.16715145020861083,0.03058388993473879,0.021823858741360405,-0.008760031193378384,45,117108.943359375,15382,5,0.6878269559396024,36558.25533519278,ok,35,0.5312233611611494,0.5234324868369261,0.12658189808134923,0.4046414630798002,0.27805956499845097,150,12,cached,88,Allen_2022-04-06,53
0.08196044694535279,-0.36383419986734183,0.055890230290242475,0.02607021665511032,-0.029820013635132155,46,74526.2548828125,15382,5,0.541685644485316,34156.452475539285,ok,35,0.3743884972380329,0.18919478739755877,0.15177807254949588,0.22261042468853703,0.07083235213904115,150,12,cached,88,Allen_2022-04-06,53
0.1325281862790386,-0.21798269530486186,0.08070851876400412,0.05181966751503447,-0.028888851248969644,47,255779.16015625,15375,5,0.6044697397773875,101168.39777612285,ok,35,0.7364301873584433,0.274960161821607,0.2669706119360247,0.4694595754224187,0.20248896348639395,150,11,cached,88,Allen_2022-04-06,52
0.033232263011965794,-0.47493800771642997,0.024507763899388618,0.008724499112577179,-0.01578326478681144,48,119196.1328125,15382,5,0.384346423566332,73383.52546307811,ok,35,0.3729064209760812,-0.4164423802329228,0.2641002292657504,0.10880619171033082,-0.15529403755541957,150,12,cached,88,Allen_2022-04-06,53
0.08031149829815452,0.6099837525641146,0.01566139459609986,0.06465010370205466,0.048988709105954806,50,1176643.5625,15368,5,0.45221316363668407,644549.8546291366,ok,34,1.4205257729627192,-0.22470500444389654,0.8698625115444883,0.550663261418231,-0.3191992501262574,150,12,cached,88,Allen_2022-04-06,51
0.025576740573160353,0.600905285165662,0.005103770992718637,0.020472969580441716,0.015369198587723079,52,12340.764404296875,15380,5,0.6309057409557108,4554.905293844095,ok,35,0.14084057579796838,0.6093053723972589,0.027512828156371447,0.11332774764159695,0.0858149194852255,150,12,cached,88,Allen_2022-04-06,53
0.06770034695170277,-0.786393694478128,0.06046973645425169,0.007230610497451079,-0.05323912595680061,56,103685.5537109375,15381,5,0.5274775246107927,48993.7545015928,ok,35,0.44955672747552555,0.14537842085034366,0.19210044017624267,0.2574562872992829,0.06535584712304021,150,12,cached,88,Allen_2022-04-06,52
0.08510974096134305,-1.0,0.08510974096134305,0.0,-0.08510974096134305,57,49788.111328125,15382,5,0.5189653906546473,23949.80468276754,ok,35,0.3213749768367658,0.35922178298784985,0.10296504232489193,0.21840993451187388,0.11544489218698195,150,12,cached,88,Allen_2022-04-06,53
0.08672346343410027,-0.32316714242368166,0.05737481864659155,0.02934864478750872,-0.02802617385908283,63,68508.904296875,15299,5,0.5327712603328545,32009.32901060599,ok,35,0.4177399017343608,-0.5230218462862738,0.3181134982034564,0.09962640353090442,-0.218487094672552,150,12,cached,88,Allen_2022-04-06,53
0.2618048888320724,-1.0,0.2618048888320724,0.0,-0.2618048888320724,64,274396.9921875,10552,5,0.5847273075213819,113949.57775373747,ok,24,0.8097738576529082,-0.5643920247764977,0.6334018823923543,0.17637197526055393,-0.45702990713180036,150,4,cached,88,Allen_2022-04-06,33
0.22642567960234977,-0.8908518884699257,0.2140687119370947,0.012356967665255071,-0.20171174427183963,66,713737.140625,15372,5,0.4999804258480933,356882.541111712,ok,35,0.8729453013433766,-0.5378376363494232,0.6712240694401166,0.20172123190326,-0.4695028375368566,150,12,cached,88,Allen_2022-04-06,51
0.08363391589373351,-0.8231874760271015,0.07624015401427944,0.007393761879454057,-0.06884639213482538,68,342235.40625,15382,5,0.47093752726133264,181063.91028934738,ok,35,0.7419358733828025,-0.14959960990075127,0.42646459530612146,0.315471278076681,-0.11099331722944045,150,12,cached,88,Allen_2022-04-06,53
0.019547459269233514,-0.41602942807497195,0.013839888784665771,0.005707570484567744,-0.008132318300098028,70,95706.365234375,15382,5,0.2809595515229768,68816.74778023078,ok,35,0.26903504525090133,0.5254731844960084,0.06383217164094125,0.2052028736099601,0.14137070196901885,150,12,cached,88,Allen_2022-04-06,53
0.0799341497477144,-1.0,0.0799341497477144,0.0,-0.0799341497477144,71,255228.4296875,15382,5,0.32888509607177807,171287.6030694775,ok,35,0.49060574818092084,-0.31308018850906655,0.3221023441525176,0.16850340402840328,-0.15359894012411432,150,12,cached,88,Allen_2022-04-06,53
0.1389937554486096,-0.8899145414072565,0.13134315979356567,0.00765059565504392,-0.12369256413852175,72,488561.5625,15382,5,0.5085313128986904,240112.7096900394,ok,35,0.8804809472756461,-0.5786040466978891,0.6949653932048628,0.18551555407078318,-0.5094498391340796,150,12,cached,88,Allen_2022-04-06,53
0.10277647601745535,-0.8928160468361828,0.09726848152155679,0.0055079944958985536,-0.09176048702565823,73,285133.39453125,15382,5,0.4559915671325365,155114.9711171255,ok,35,0.6684073035328766,-0.5397678099753058,0.5145960249661584,0.1538112785667181,-0.3607847463994403,150,12,cached,88,Allen_2022-04-06,53
0.1431823706331973,-0.9127308650459318,0.13693466982028135,0.006247700812915963,-0.1306869690073654,74,1351883.34375,15382,5,0.5246607028054789,642603.2785071041,ok,35,1.579196883738041,0.05143467039163219,0.7489857062697411,0.8302111774683,0.08122547119855883,150,12,cached,88,Allen_2022-04-06,53
0.04951596400060225,-0.9381753031687158,0.04798530926927924,0.0015306547313230113,-0.04645465453795623,77,31957.7900390625,15382,5,0.2641477459168222,23516.211835761067,ok,35,0.17042388543098544,-0.5109950261285556,0.1287548216098609,0.04166906382112454,-0.08708575778873637,150,12,cached,88,Allen_2022-04-06,53
0.022572065564842585,0.7677565734404179,0.0026211069256532942,0.01995095863918929,0.017329851713535994,78,201030.2451171875,15382,5,0.2748616856981725,145774.73306796054,ok,35,0.40533182843355464,-0.12310822170322916,0.22761575451586397,0.17771607391769068,-0.04989968059817329,150,12,cached,88,Allen_2022-04-06,53
0.017518611642723652,0.4738484354988931,0.004608722461853177,0.012909889180870474,0.008301166719017296,80,100955.91015625,15374,5,0.14371363144467186,86447.16969189329,ok,35,0.21417499123247885,-0.07578728972657583,0.11520336667260078,0.09897162455987807,-0.016231742112722714,150,12,cached,88,Allen_2022-04-06,52
0.028253134217326684,0.7473798885399897,0.0035686549575378495,0.024684479259788835,0.021115824302250986,81,119540.45458984375,15382,5,0.157630357595974,100697.24998566139,ok,35,0.20834861327651505,0.009998056924200117,0.10313276599044914,0.1052158472860659,0.002083081295616754,150,12,cached,88,Allen_2022-04-06,53
0.052437592458591094,-0.23294559671660217,0.0323263493621198,0.020111243096471297,-0.0122151062656485,82,34727.3505859375,15360,5,0.451349089668166,19053.19251238736,ok,35,0.19941856993051865,-1.0,0.19941856993051865,0.0,-0.19941856993051865,150,12,cached,88,Allen_2022-04-06,53
0.042159071521988764,0.754676894273692,0.005171297180155913,0.03698777434183285,0.03181647716167693,83,105191.708984375,15382,5,0.3459834658281081,68797.1169335792,ok,35,0.33409567991911904,-0.5204107038249497,0.25398132392535144,0.0801143559937676,-0.17386696793158385,150,12,cached,88,Allen_2022-04-06,53
0.02228805935495378,0.5532153195578633,0.004978981738289199,0.01730907761666458,0.01233009587837538,84,33814.016357421875,15375,5,0.30204539174465495,23600.648540284215,ok,35,0.17461455202962195,0.3033786372169805,0.060820113598310854,0.1137944384313111,0.05297432483300024,150,12,cached,88,Allen_2022-04-06,53
0.06562539990991355,0.12951125175520292,0.02856308611032243,0.037062313799591115,0.008499227689268685,85,651204.9609375,15382,5,0.3960525473446206,393293.57731474895,ok,35,0.9344246389965216,-0.4580727326241922,0.6812295434065163,0.25319509559000536,-0.42803444781651095,150,12,cached,88,Allen_2022-04-06,53
0.13392715913554032,-1.0,0.13392715913554032,0.0,-0.13392715913554032,87,312088.099609375,15382,5,0.30211478539962466,217801.670370112,ok,35,0.4794980617899759,-0.19291336989686864,0.28599982437444854,0.19349823741552735,-0.09250158695892119,150,12,cached,88,Allen_2022-04-06,53
0.2246146916722258,-1.0,0.2246146916722258,0.0,-0.2246146916722258,88,1348331.578125,15382,5,0.4162318094761269,787113.0855882295,ok,35,1.2929599982375901,-0.5684856274110472,1.0139945870265366,0.27896541121105356,-0.735029175815483,150,12,cached,88,Allen_2022-04-06,53
0.014870352778113253,-0.8077515855986778,0.013440951906522967,0.0014294008715902845,-0.012011551034932682,91,65844.9111328125,15381,5,0.26319464871891385,48514.88287728382,ok,35,0.20628570892974193,-0.13407038949320124,0.11697125713641679,0.08931445179332514,-0.027656805343091645,150,12,cached,88,Allen_2022-04-06,53
0.015032820032502059,-0.7223242608802987,0.012945695325712828,0.0020871247067892305,-0.010858570618923598,92,93795.94787597656,15381,5,0.170140712476468,77837.43847695226,ok,35,0.1596753367416871,0.0029721874383170045,0.07960037585580722,0.0800749608858799,0.00047458503007268005,150,12,cached,88,Allen_2022-04-06,53
0.11772979669622144,-0.02617751272696256,0.06040583497378975,0.0573239617224317,-0.0030818732513580513,93,2013133.40625,15382,5,0.47803679893119455,1050781.556904798,ok,35,1.7553276557164887,-0.3248319153630474,1.1627570501063018,0.5925706056101869,-0.5701864444961149,150,12,cached,88,Allen_2022-04-06,53
0.17956554647535083,-1.0,0.17956554647535083,0.0,-0.17956554647535083,94,692552.9921875,15382,5,0.3904306934617364,422159.0471887339,ok,35,0.8938336655575161,-0.35206718575706447,0.604261584362636,0.28957208119488015,-0.31468950316775585,150,12,cached,88,Allen_2022-04-06,53
0.5346154854943355,-1.0,0.5346154854943355,0.0,-0.5346154854943355,98,1340849.921875,15382,5,0.4685178172233817,712637.8432539831,ok,35,1.3348260551458226,-0.3285019328371146,0.8866594971312831,0.4481665580145395,-0.43849293911674364,150,12,cached,88,Allen_2022-04-06,53
0.6278224209944407,-1.0,0.6278224209944407,0.0,-0.6278224209944407,99,1652038.546875,15382,5,0.4583583903077214,894812.8178030679,ok,35,1.3287289245733218,-0.6189845221634177,1.0755957815175257,0.2531331430557961,-0.8224626384617295,150,12,cached,88,Allen_2022-04-06,53
0.2117344156994174,-1.0,0.2117344156994174,0.0,-0.2117344156994174,100,716920.2265625,15382,5,0.4265310619814996,411131.4809707796,ok,35,0.9102222110067184,-0.27330272061435246,0.5794942088192329,0.33072800218748555,-0.2487662066317473,150,12,cached,88,Allen_2022-04-06,53
0.3268220631405711,-1.0,0.3268220631405711,0.0,-0.3268220631405711,101,889246.875,15382,5,0.4144546368860642,520694.38431980764,ok,35,1.009639427290919,-0.3529549380833369,0.6829983244184405,0.3266411028724785,-0.35635722154596206,150,12,cached,88,Allen_2022-04-06,53
0.08455408255254042,-0.9573834648004855,0.08275238153485892,0.0018017010176815044,-0.08095068051717742,102,206970.03515625,15382,5,0.5203995400486813,99262.92405707811,ok,35,0.5805149657574172,-0.40221234689162955,0.407002626270211,0.17351233948720624,-0.23349028678300476,150,12,cached,88,Allen_2022-04-06,53
0.045939182206348045,-0.4957305810016028,0.034356319846119726,0.011582862360228319,-0.022773457485891407,103,177606.314453125,15382,5,0.48723376690735354,91070.52083559695,ok,35,0.532936386197495,-0.4505799211888156,0.38653341054450724,0.14640297565298777,-0.24013043489151947,150,12,cached,88,Allen_2022-04-06,53
0.007955352833960205,1.0,0.0,0.007955352833960205,0.007955352833960205,106,5670.690124511719,15382,5,0.6179749008738635,2166.345956930192,ok,35,0.11640201097082659,0.04624697066677373,0.055509385291952644,0.060892625678873935,0.005383240386921291,150,12,cached,88,Allen_2022-04-06,53
0.009917605376843615,0.32882520925119824,0.0033282233567661027,0.006589382020077513,0.0032611586633114103,112,10860.15869140625,15382,5,0.5762626189213775,4601.855201994724,ok,35,0.16172220654455793,0.0017283172821569888,0.0807213496300392,0.08100085691451872,0.00027950728447952156,150,12,cached,88,Allen_2022-04-06,53
0.14470416944629205,-0.9495353776629145,0.14105294881543767,0.0036512206308543676,-0.1374017281845833,124,49262.8583984375,15382,5,0.4948810276261577,24883.604410416858,ok,35,0.310593069253567,-0.06715587620757478,0.16572560948164514,0.1448674597719219,-0.020858149709723245,150,12,cached,88,Allen_2022-04-06,53
0.0570337970463394,-0.86893193915718,0.05329614245565607,0.0037376545906833303,-0.049558487864972744,127,49093.306640625,15367,5,0.48911407141229213,25081.07955053679,ok,35,0.30540477677520056,0.044224611982671434,0.14594918451233146,0.1594555922628691,0.01350640775053763,150,12,cached,88,Allen_2022-04-06,52
0.2976044231404861,-1.0,0.2976044231404861,0.0,-0.2976044231404861,128,244001.09375,15382,5,0.5512506453844781,109495.33334579396,ok,35,0.77522432145585,-0.11323878185184133,0.43150488963971534,0.3437194318161346,-0.08778545782358071,150,12,cached,88,Allen_2022-04-06,53
0.3691547639279937,-0.9597715839003651,0.36172950820376476,0.0074252557242289186,-0.35430425247953584,129,448614.4375,15373,5,0.43278097370876356,254462.64441894076,ok,35,0.9266009121900425,-0.056560327700187596,0.489504881715402,0.43709603047464046,-0.052408851240761556,150,12,cached,88,Allen_2022-04-06,53
0.028392999654776457,-0.9449269139705243,0.02761115459846527,0.0007818450563111889,-0.02682930954215408,130,27505.724853515625,15382,5,0.5801716503571208,11547.68307098259,ok,35,0.2478291835015019,-0.4118918812422813,0.17495400606033704,0.07287517744116487,-0.10207882861917217,150,12,cached,88,Allen_2022-04-06,53
0.051081758287424846,-1.0,0.051081758287424846,0.0,-0.051081758287424846,131,9938.819091796875,15382,5,0.5277540727648677,4693.56683762785,ok,35,0.13780827921582386,-0.09488142780085192,0.07544186275529985,0.062366416460524016,-0.013075446294775833,150,12,cached,88,Allen_2022-04-06,53
0.04918864609207958,-0.19410705864609118,0.02936825475189835,0.019820391340181234,-0.009547863411717115,132,135440.66796875,15354,5,0.5197400175527525,65046.73282131535,ok,35,0.45947498613968496,0.17582330350948489,0.18934428809831538,0.2701306980413696,0.0807864099430542,150,12,cached,88,Allen_2022-04-06,53
0.10996106890185428,-0.913132297933212,0.10518503621569837,0.004776032686155911,-0.10040900352954246,133,338140.4375,15372,5,0.4783526334436199,176390.06874809723,ok,35,0.8169379456647827,-0.03623379800096182,0.4232693550836606,0.39366859058112214,-0.029600764502538457,150,12,cached,88,Allen_2022-04-06,52
0.15255523553738992,-1.0,0.15255523553738992,0.0,-0.15255523553738992,136,93798.66015625,15382,5,0.600182578513629,37502.33844254828,ok,35,0.4300846412060007,-0.1484310260127006,0.2469612728862558,0.1831233683197449,-0.0638379045665109,150,12,cached,88,Allen_2022-04-06,53
0.10958693162926163,-0.9647240694982714,0.10765404113723587,0.0019328904920257626,-0.10572115064521011,137,69616.986328125,15382,5,0.39532783054409226,42095.45415400961,ok,35,0.34090394421170156,-0.38145691708916313,0.23547205589711664,0.10543188831458492,-0.13004016758253173,150,12,cached,88,Allen_2022-04-06,53
0.026624099972347416,-1.0,0.026624099972347416,0.0,-0.026624099972347416,138,62722.4892578125,15382,5,0.43395746117039913,35503.59706120456,ok,35,0.36567369398350524,-0.09492863564860207,0.2001932994229719,0.16548039456053332,-0.03471290486243858,150,12,cached,88,Allen_2022-04-06,53
0.21829578131910238,-0.9916496343505977,0.21738435652223415,0.0009114247968682321,-0.2164729317253659,139,589467.390625,9355,5,0.42490931109657215,338997.2077606373,ok,20,1.2945769204370057,-0.3142560301064529,0.8507027620604882,0.44387415837651745,-0.4068286036839708,150,10,cached,88,Allen_2022-04-06,35
0.14052559620079896,-1.0,0.14052559620079896,0.0,-0.14052559620079896,141,437847.0390625,15382,5,0.5345934379837987,203776.88513905156,ok,35,0.961190497885885,-0.31683409005026736,0.6328642073242614,0.3283262905616236,-0.3045379167626378,150,12,cached,88,Allen_2022-04-06,53
0.010515621191007084,0.1786078861731974,0.004318724159141614,0.00619689703186547,0.0018781728727238559,142,2040.0305480957031,15376,5,0.23887926762232325,1552.7095448394348,ok,35,0.06412590767847633,0.7847690569874288,0.006900939790587774,0.057224967887888556,0.050324028097300785,150,12,cached,88,Allen_2022-04-06,53
0.01619451600846181,-0.6433833471925727,0.013306898962074836,0.0028876170463869736,-0.010419281915687861,143,3830.9891967773438,15377,5,0.4387218545816627,2150.250511484873,ok,35,0.08485728306380529,-0.04995592319616422,0.044548203489587955,0.04030907957421733,-0.004239123915370624,150,12,cached,88,Allen_2022-04-06,53
0.036342782918624535,0.5798111539360778,0.00763541600866423,0.028707366909960303,0.02107195090129607,144,172942.4453125,15382,5,0.45156522116805065,94847.65174561743,ok,35,0.5650367146183272,-0.592942509815077,0.45003550116089175,0.11500121345743539,-0.33503428770345633,150,12,cached,88,Allen_2022-04-06,53
0.09185224305838346,-1.0,0.09185224305838346,0.0,-0.09185224305838346,146,353063.2265625,15382,5,0.44918722200077954,194471.7366322588,ok,35,0.7837035612513623,-0.21039713735193594,0.47429627353558323,0.309407287715779,-0.1648889858198042,150,12,cached,88,Allen_2022-04-06,53
0.1101196692014734,-1.0,0.1101196692014734,0.0,-0.1101196692014734,147,157353.79296875,15382,5,0.5434615485496164,71838.0569717974,ok,35,0.6176784485549434,0.17138560359041408,0.25590862741228193,0.36176982114266143,0.1058611937303795,150,12,cached,88,Allen_2022-04-06,53
0.038192487662793914,-0.6433964511744034,0.03138269934327885,0.006809788319515065,-0.024572911023763785,149,15935.185791015625,15382,5,0.5978663562369793,6408.074326181826,ok,35,0.18760012602142526,-0.37740176785626184,0.12920037261598433,0.05839975340544092,-0.0708006192105434,150,12,cached,88,Allen_2022-04-06,53
0.14059098711101495,-0.9618319885816345,0.1379079479103287,0.0026830392006862306,-0.13522490870964246,150,379830.25,15382,5,0.538793940292323,175180.01296028192,ok,35,0.8694088930213184,0.07411516262212417,0.4024862557649612,0.4669226372563572,0.06443638149139597,150,12,cached,88,Allen_2022-04-06,53
0.056513062895586094,-0.7280587246595173,0.048828945696974796,0.0076841171986113,-0.0411448284983635,152,226790.974609375,15382,5,0.501416223361828,113074.30062819397,ok,35,0.6698600093271428,0.23252250895894055,0.25705123965356813,0.4128087696735747,0.15575753002000658,150,12,cached,88,Allen_2022-04-06,53
0.05236434890248347,0.27215325574799343,0.019056610431774364,0.03330773847070911,0.014251128038934743,154,123395.0244140625,15367,5,0.35558100607860776,79518.09748781579,ok,35,0.41496928441726294,-0.10261450490462992,0.22877557604418447,0.18619370837307847,-0.042581867671106,150,12,cached,88,Allen_2022-04-06,53
0.2180422945646569,-0.9128191988781735,0.20853774360536287,0.009504550959294044,-0.19903319264606883,155,629180.265625,15375,5,0.5125279537653926,306707.7915346525,ok,35,0.9896724391340589,-0.11758600232772147,0.5530220324328791,0.4366504067011798,-0.11637162573169924,150,12,cached,88,Allen_2022-04-06,53
0.03667723685127082,-0.5003602008638278,0.027514533224651437,0.009162703626619383,-0.018351829598032054,157,115873.33984375,15382,5,0.39234281016580685,70411.26806615556,ok,35,0.41685727492828545,0.21662409466560997,0.16327797257108617,0.2535793023571993,0.0903013297861131,150,12,cached,88,Allen_2022-04-06,53
0.013975250502759688,0.9187755758783401,0.0005675658370212962,0.013407684665738391,0.012840118828717094,158,3688.0426635742188,15382,5,0.4406870483229305,2062.7700280746576,ok,35,0.04703169391113988,0.9650417154045533,0.0008220736703757818,0.046209620240764096,0.045387546570388314,150,12,cached,88,Allen_2022-04-06,53
0.08264450542628765,-0.8735176579118178,0.07741797012276948,0.005226535303518178,-0.0721914348192513,160,152869.5078125,15382,5,0.36251715717372346,97451.68842176619,ok,35,0.43048603502878297,-0.10211747924661752,0.2372230918883967,0.19326294314038628,-0.04396014874801041,150,12,cached,88,Allen_2022-04-06,53
0.020661065850435992,-0.2087491972739478,0.01248702338076934,0.00817404246966665,-0.004312980911102689,161,156727.966796875,15382,5,0.2823149317314011,112481.32155021394,ok,35,0.4425973393401364,0.1338255605448626,0.19168325115363893,0.25091408818649746,0.05923083703285853,150,12,cached,88,Allen_2022-04-06,53
0.14242966032276552,-0.9893515087910038,0.14167132982984187,0.0007583304929236572,-0.14091299933691823,162,838904.1484375,15349,5,0.4697879639854162,444797.07656412746,ok,33,1.325049866278035,0.02946292417557873,0.6430050112695123,0.6820448550085227,0.03903984373901048,150,12,cached,88,Allen_2022-04-06,51
0.0608500257923879,-0.47187256998545346,0.044781741923361554,0.016068283869026347,-0.028713458054335207,163,85769.5703125,15382,5,0.39269666952678217,52088.14570403808,ok,35,0.33360674110396454,-0.1046366625431527,0.1842571185474905,0.14934962255647405,-0.034907495991016446,150,12,cached,88,Allen_2022-04-06,53
0.06714144270711889,-1.0,0.06714144270711889,0.0,-0.06714144270711889,164,420257.08984375,15382,5,0.537739231270564,194268.36541516756,ok,35,0.9825372632146658,-0.1633416698627119,0.5715132702452441,0.4110239929694217,-0.1604892772758224,150,12,cached,88,Allen_2022-04-06,53
0.3921315923643609,-0.9008429974248952,0.37269029570743445,0.019441296656926482,-0.353248999050508,166,2352743.75,15377,5,0.5601588053837848,1034833.6216258339,ok,35,1.8899859635935479,-0.7417699960327433,1.6459604221551372,0.2440255414384107,-1.4019348807167265,150,12,cached,88,Allen_2022-04-06,53
0.016951298339699862,0.0020500041022141293,0.008458274054282811,0.008493024285417051,3.475023113424028e-05,169,122421.3466796875,15382,5,0.3410930752452258,80664.27306505098,ok,35,0.40532294970762456,-0.39503342326663715,0.28271953102957925,0.1226034186780453,-0.16011611235153395,150,12,cached,88,Allen_2022-04-06,53
0.04572582983334239,0.05839903850087766,0.021527742668210222,0.024198087165132165,0.0026703444969219427,171,332589.15625,15382,5,0.4813628313640146,172493.09831653137,ok,35,0.861982376773085,-0.43474220875952424,0.6183612495816002,0.24362112719148482,-0.3747401223901154,150,12,cached,88,Allen_2022-04-06,53
0.23260274998028763,-0.994782920627564,0.2319959964758406,0.0006067535044470181,-0.23138924297139357,172,2020550.8125,15382,5,0.47287658636416696,1065079.641709656,ok,35,2.031484864407685,-0.15470360597155408,1.1728814492040938,0.8586034152035913,-0.31427803400050247,150,12,cached,88,Allen_2022-04-06,53
0.33093647304922347,-0.8210350210657379,0.3013234535853068,0.029613019463916618,-0.2717104341213902,174,559843.640625,13692,5,0.36053289036803715,358001.5947163041,ok,29,1.0058320028086505,-0.8125896008347337,0.9115803142388662,0.09425168856978419,-0.817328625669082,150,6,cached,88,Allen_2022-04-06,43
0.11962264468893408,-1.0,0.11962264468893408,0.0,-0.11962264468893408,175,436068.49609375,15382,5,0.42971599208357525,248682.88967843156,ok,35,0.7833080859544377,-0.34215845508134574,0.525661785248667,0.25764630070577066,-0.26801548454289637,150,12,cached,88,Allen_2022-04-06,53
0.04135099077248014,-0.5937184152749112,0.032950917741982264,0.00840007303049788,-0.024550844711484384,179,105921.0908203125,14855,5,0.17866353422174253,86996.8543857333,ok,33,0.2597694468483193,-0.5278144820202707,0.1984397614406286,0.061329685407690716,-0.1371100760329379,150,11,cached,88,Allen_2022-04-06,51
0.060441247743437995,-0.9818783358507291,0.059893599747253265,0.0005476479961847271,-0.059345951751068535,180,111204.5439453125,15382,5,0.4559049736349887,60505.839269833865,ok,35,0.44369617680398127,-0.3093746229381628,0.2904822571009087,0.15321391970307258,-0.13726833739783612,150,12,cached,88,Allen_2022-04-06,53
0.05027091078615438,-0.5528404189140812,0.039031351082182184,0.011239559703972193,-0.02779179137820999,184,730802.578125,15382,5,0.5129441483010357,355941.6721124707,ok,35,1.1724581833851215,-0.7387131564722952,1.019284234432659,0.15317394895246256,-0.8661102854801963,150,12,cached,88,Allen_2022-04-06,53
0.30409761766592663,-1.0,0.30409761766592663,0.0,-0.30409761766592663,185,1351565.59375,15382,5,0.5184163918003372,650891.8353566447,ok,35,1.5175861234931898,-0.3625872699158062,1.0339217664363485,0.4836643570568413,-0.5502574093795072,150,12,cached,88,Allen_2022-04-06,53
0.10183805897443865,-0.950668250490829,0.09932613416652505,0.002511924807913603,-0.09681420935861146,186,134819.732421875,15382,5,0.5108229413786025,65950.72015025667,ok,35,0.4986055239414176,-0.3348295421772885,0.33277669162489476,0.16582883231652285,-0.16694785930837192,150,12,cached,88,Allen_2022-04-06,53
0.0379165121819824,-1.0,0.0379165121819824,0.0,-0.0379165121819824,189,48069.263671875,15382,5,0.4672464267250357,25609.071985887836,ok,35,0.30119803254250055,-0.5449956045499704,0.23267481818863114,0.06852321435386938,-0.16415160383476177,150,12,cached,88,Allen_2022-04-06,53
0.46514672518242156,-0.9807680481954834,0.460673885482053,0.004472839700368547,-0.45620104578168447,190,1290388.890625,15382,5,0.560434970953386,567209.830189006,ok,35,1.4733631309897952,-0.47583635544810987,1.0872214367457977,0.3861416942439974,-0.7010797425018003,150,12,cached,88,Allen_2022-04-06,53
0.13263455759345866,0.5922791724899443,0.02703893578921755,0.1055956218042411,0.07855668601502355,193,191988.802734375,15382,5,0.5991394539508093,76960.73629943194,ok,35,0.5718976814629666,-0.7681442007941064,0.5055987844631697,0.06629889699979687,-0.4392998874633729,150,12,cached,88,Allen_2022-04-06,53
0.12603238113224507,1.0,0.0,0.12603238113224507,0.12603238113224507,194,142485.80859375,15382,5,0.5982022651580937,57250.47514008617,ok,35,0.5945289661486944,-0.5023898960005682,0.4466071558107312,0.14792181033796323,-0.2986853454727679,150,12,cached,88,Allen_2022-04-06,53
0.040136361860883575,0.11291576444044124,0.017802166939751868,0.022334194921131707,0.0045320279813798395,3,12514.5634765625,16742,5,0.45615670380916085,6805.961451483237,ok,31,0.10819122871616854,0.8033138545596253,0.01063985787332058,0.09755137084284796,0.08691151296952737,138,20,cached,80,Allen_2022-04-08,56
0.09888085462929061,0.958866586251338,0.002033653552643956,0.09684720107664666,0.0948135475240027,5,22587.15087890625,16707,5,0.7229926549960501,6256.806696169453,ok,30,0.12168486384374166,0.7959223866395919,0.012416578297658513,0.10926828554608316,0.09685170724842465,138,20,cached,80,Allen_2022-04-08,55
0.06730713562768263,0.6166317149908486,0.012901710577231522,0.05440542505045111,0.041503714473219586,7,11576.648681640625,16742,5,0.6410481646334683,4155.459291668442,ok,31,0.0986434224638894,0.7940068921351199,0.010159932581882457,0.08848348988200694,0.07832355730012448,138,20,cached,80,Allen_2022-04-08,56
0.08123076032691945,0.9743734668358723,0.0010408313867325584,0.0801899289401869,0.07914909755345434,14,21364.240966796875,16742,5,0.5856900318341326,8851.417994841533,ok,31,0.2563166137217195,0.08636335835498843,0.11709012507926674,0.13922648864245274,0.022136363563186004,138,20,cached,80,Allen_2022-04-08,56
0.1947145491010209,-0.8711466881178156,0.18216974183936452,0.012544807261656393,-0.16962493457770814,16,515795.4921875,16712,5,0.5428717340776505,235784.69891423662,ok,31,0.8055973211633198,-0.3512528991616249,0.5442828578893872,0.26131446327393254,-0.2829683946154547,138,19,cached,80,Allen_2022-04-08,55
0.17834132167433078,0.6595237386167916,0.030360493226908147,0.14798082844742264,0.11762033522051449,17,313087.62890625,16742,5,0.6000346208557352,125224.21220086717,ok,31,0.623862909989081,0.6536468696822886,0.10803843588191739,0.5158244741071636,0.4077860382252462,138,20,cached,80,Allen_2022-04-08,56
0.2337832761142636,0.9925626151148113,0.0008693681020910549,0.23291390801217254,0.23204453991008148,18,75736.896484375,16708,5,0.6475188703690955,26695.826827551376,ok,31,0.2313237101305276,0.5968850673588892,0.046625020913779736,0.18469868921674787,0.13807366830296813,138,20,cached,80,Allen_2022-04-08,56
0.19468193159652097,-0.3949694038009931,0.1357876690250123,0.05889426257150869,-0.07689340645350361,20,290945.875,10461,5,0.6235725410120577,109520.01642927348,ok,16,1.1906130946629372,0.727655453592232,0.16212849160656334,1.028484603056374,0.8663561114498106,138,10,cached,80,Allen_2022-04-08,26
0.28621758268369984,-0.9995558224590596,0.2861540169726747,6.356571102514864e-05,-0.2860904512616495,22,569969.4765625,16742,5,0.5355465100735963,264724.31254097866,ok,31,0.9790592760468524,-0.2403530503322752,0.6071895797504112,0.3718696962964412,-0.23531988345397004,138,20,cached,80,Allen_2022-04-08,56
0.2736605508291784,-0.9951255905612532,0.2729935840431912,0.0006669667859872186,-0.272326617257204,25,386612.9140625,16726,5,0.6341460811307427,141443.84969522903,ok,31,0.9169385727339736,-0.1612277525654704,0.5323872590282311,0.38455131370574247,-0.14783594532248867,138,19,cached,80,Allen_2022-04-08,54
0.08964457553617347,-0.49253789425023425,0.06689896300085821,0.02274561253531526,-0.044153350465542945,27,153199.822265625,16742,5,0.5821085794943439,64020.89134779608,ok,31,0.47317859953661057,-0.6353334032764607,0.38690238476889743,0.08627621476771312,-0.3006261700011843,138,20,cached,80,Allen_2022-04-08,56
0.10809548993129284,-0.9982516110133369,0.10800099344924093,9.449648205190895e-05,-0.10790649696718901,30,105828.826171875,16742,5,0.5117994664906228,51665.689397780516,ok,31,0.448397287260741,-0.3254410200658474,0.2971620789108177,0.15123520834992332,-0.14592687056089437,138,20,cached,80,Allen_2022-04-08,56
0.07782785895590981,-1.0,0.07782785895590981,0.0,-0.07782785895590981,31,53425.7041015625,16742,5,0.45980297413423843,28860.40646044828,ok,31,0.303110723932817,-0.29607536232097054,0.19642717067229873,0.10668355326051826,-0.08974361741178047,138,20,cached,80,Allen_2022-04-08,56
0.1828365453208486,-1.0,0.1828365453208486,0.0,-0.1828365453208486,32,185271.21484375,16742,5,0.5959037110471808,74867.41036813984,ok,31,0.5280449266700695,-0.6752560021141712,0.4423052163949857,0.0857397102750838,-0.3565655061199019,138,20,cached,80,Allen_2022-04-08,56
0.24964384418757013,-0.5812901666023852,0.19737967798331132,0.052264166204258805,-0.14511551177905252,33,494803.46875,16742,5,0.6028890771570905,196491.86210118525,ok,31,0.9664683388235669,0.1428278879997454,0.41421485358538723,0.5522534852381796,0.1380386316527924,138,20,cached,80,Allen_2022-04-08,56
0.07647445132121598,0.9995955003470742,1.5466944508564968e-05,0.07645898437670742,0.07644351743219886,34,14740.82421875,16597,5,0.41753272034009103,8586.047782640215,ok,31,0.1573551924744,-0.22543921195294445,0.09641461153126632,0.06094058094313369,-0.03547403058813263,138,20,cached,80,Allen_2022-04-08,56
0.2013100225109762,0.09431067919305464,0.09116216877979846,0.11014785373117775,0.018985684951379284,36,218901.6796875,16742,5,0.5815944306422303,91589.68192302057,ok,31,0.530075190072724,0.6428007347411129,0.094671234212971,0.435403955859753,0.34073272164678203,138,20,cached,80,Allen_2022-04-08,56
0.05038253036715712,0.6128604903555291,0.009752534050494432,0.040629996316662684,0.030877462266168252,39,560364.53125,16742,5,0.5734983684858551,238996.386820784,ok,31,1.1882408530684188,0.0631005537633222,0.5566310986177996,0.6316097544506192,0.0749786558328196,138,20,cached,80,Allen_2022-04-08,56
0.10114758591516874,0.8067356919719372,0.009774109100302061,0.09137347681486668,0.08159936771456462,42,1103271.515625,16742,5,0.4393998125152986,618494.2185059057,ok,31,1.2974651251453908,0.16411854084333044,0.5422635210057101,0.7552016041396807,0.21293808313397067,138,20,cached,80,Allen_2022-04-08,56
0.12122515613834065,-1.0,0.12122515613834065,0.0,-0.12122515613834065,43,491719.078125,16711,5,0.6209765913569332,186373.04108576395,ok,29,1.1106874164620724,0.3442724460560276,0.3641541713965125,0.74653324506556,0.38237907366904744,138,19,cached,80,Allen_2022-04-08,52
0.12986460662602137,-0.9031443281038162,0.12357554476087292,0.006289061865148445,-0.11728648289572446,44,776057.875,16736,5,0.38485417876671113,477388.758841436,ok,31,1.0895105058560148,0.20904367457250606,0.43087761311326184,0.658632892742753,0.22775527962949121,138,19,cached,80,Allen_2022-04-08,55
0.02046491953369696,0.2758715444997572,0.007409615286936363,0.013055304246760595,0.005645688959824232,45,56421.25439453125,16742,5,0.2151132642555833,44284.29418832896,ok,31,0.17060046397382395,-0.23863207936364325,0.10565560371614993,0.06494486025767401,-0.04071074345847592,138,20,cached,80,Allen_2022-04-08,56
0.0641718928607588,-0.6226980519458901,0.05206580276741685,0.012106090093341966,-0.03995971267407488,49,350770.390625,16742,5,0.4179951267354577,204150.07674065712,ok,31,0.5641710026868774,-0.4862162570641207,0.41924005797870145,0.14493094470817597,-0.2743091132705255,138,20,cached,80,Allen_2022-04-08,56
0.07462360614057009,-0.9763332225706635,0.07374055600181842,0.0008830501387516662,-0.07285750586306675,50,138287.126953125,16742,5,0.41266167127044395,81221.33002946038,ok,31,0.41362899184241547,-0.05340416655543614,0.21785925170746248,0.195769740134953,-0.02208951157250949,138,20,cached,80,Allen_2022-04-08,56
0.08770351021861036,1.0,0.0,0.08770351021861036,0.08770351021861036,51,300437.203125,16742,5,0.32773342160378927,201973.8905677711,ok,31,0.573174256994389,0.01937348262904808,0.2810349377415453,0.29213931925284364,0.011104381511298334,138,20,cached,80,Allen_2022-04-08,56
0.19197682402251912,-0.6121673107159792,0.1547493800520897,0.0372274439704294,-0.11752193608166031,52,3434578.875,16727,5,0.5005130565047295,1715527.3044671747,ok,31,2.31301760377828,-0.10609171350273888,1.2792048023625586,1.0338128014157217,-0.24539200094683689,138,20,cached,80,Allen_2022-04-08,56
0.1300795953720808,-1.0,0.1300795953720808,0.0,-0.1300795953720808,53,121342.138671875,16724,5,0.42073397873421814,70289.3778803378,ok,31,0.3870759236897963,-0.1689705781563619,0.2262401831530345,0.1608357405367618,-0.0654044426162727,138,20,cached,80,Allen_2022-04-08,56
0.06590878157876433,-0.6752184023899003,0.05520580188992123,0.010702979688843092,-0.04450282220107814,54,30450.275390625,16742,5,0.4797310856968602,15842.331717712084,ok,31,0.23982690238068854,-0.4280549950899367,0.17124300295084446,0.0685838994298441,-0.10265910352100037,138,20,cached,80,Allen_2022-04-08,56
0.073222274070334,-0.9685426647615735,0.07207058525915878,0.0011516888111752156,-0.07091889644798356,56,49946.7265625,16742,5,0.4575731637458851,27092.444870546242,ok,31,0.26819211044154756,0.11139302241754402,0.11915869033546189,0.14903342010608564,0.029874729770623748,138,20,cached,80,Allen_2022-04-08,56
0.03884197994176096,-0.4883137508841642,0.02890452642944486,0.009937453512316098,-0.018967072917128763,58,387443.9140625,16725,5,0.35158871907448963,251223.00460405898,ok,31,0.5809888112688593,-0.31162030383964445,0.38101836058194755,0.19997045068691177,-0.18104790989503577,138,20,cached,80,Allen_2022-04-08,55
0.06532734831077201,0.36819702155900785,0.02063700661819894,0.04469034169257308,0.024053335074374137,59,45660.97216796875,16742,5,0.42883683720336985,26079.86527982593,ok,31,0.21565974012676936,-0.30438553229544085,0.14065172245997626,0.07500801766679312,-0.06564370479318314,138,20,cached,80,Allen_2022-04-08,56
0.09625896004145033,-0.9780651094583621,0.09520324516536978,0.0010557148760805526,-0.09414753028928922,60,27568.7041015625,16742,5,0.5446593044022747,12553.152902333331,ok,31,0.2010131324309138,-0.45058873210788136,0.14579369245499643,0.05521943997591734,-0.09057425247907909,138,20,cached,80,Allen_2022-04-08,56
0.06352624644253713,-0.7193965706605234,0.05461340514011681,0.008912841302420323,-0.04570056383769649,62,292404.5546875,16742,5,0.3910155343631584,178069.83148614582,ok,31,0.6523221899444859,-0.18880324722895334,0.38774136882275345,0.2645808211217324,-0.12316054770102103,138,20,cached,80,Allen_2022-04-08,56
0.17567145535722375,-1.0,0.17567145535722375,0.0,-0.17567145535722375,63,210793.76953125,16728,5,0.33007362305988963,141216.30630361894,ok,31,0.4554433961088459,-0.21995487215955314,0.2778101950379399,0.177633201070906,-0.10017699396703392,138,20,cached,80,Allen_2022-04-08,56
0.1752760223268221,-1.0,0.1752760223268221,0.0,-0.1752760223268221,64,955909.3125,16742,5,0.3377205387141051,633079.1045206701,ok,31,1.0349498241829376,0.18390175498115324,0.4223103675991297,0.6126394565838079,0.1903290889846782,138,20,cached,80,Allen_2022-04-08,56
0.27353433631360535,-1.0,0.27353433631360535,0.0,-0.27353433631360535,65,4628875.9375,16726,5,0.41435490779454154,2710878.4752248153,ok,30,2.610930715749661,-0.02398303398034341,1.3367743779129038,1.2741563378367573,-0.06261804007614646,138,20,cached,80,Allen_2022-04-08,55
0.2792048226110637,-1.0,0.2792048226110637,0.0,-0.2792048226110637,66,1573150.015625,16734,5,0.42931393022287867,897774.7995868482,ok,31,1.369735386207079,-0.40241568986348947,0.9604691982890169,0.409266187918062,-0.5512030103709549,138,20,cached,80,Allen_2022-04-08,55
0.09820985248801058,-0.8942282495821207,0.09301593848504128,0.005193914002969298,-0.08782202448207198,69,597495.828125,16742,5,0.37597591825914434,372851.78548969526,ok,31,0.907427165649521,-0.2915778638867713,0.5860064201212178,0.32142074552830313,-0.2645856745929147,138,20,cached,80,Allen_2022-04-08,56
0.09976928929487863,-1.0,0.09976928929487863,0.0,-0.09976928929487863,73,160419.91015625,16742,5,0.3666546836019672,101601.19875445415,ok,31,0.4409289448570538,-0.0944656855116662,0.24129079994745553,0.19963814490959828,-0.041652655037857256,138,20,cached,80,Allen_2022-04-08,56
0.4008137088268995,-1.0,0.4008137088268995,0.0,-0.4008137088268995,76,822162.125,16742,5,0.46192065743613264,442388.45570091216,ok,31,1.180989358246249,-0.32344716230357135,0.7814885074408571,0.399500850805392,-0.3819876566354651,138,20,cached,80,Allen_2022-04-08,56
0.6890685794254144,-1.0,0.6890685794254144,0.0,-0.6890685794254144,79,1622048.84375,16742,5,0.440369253651677,907748.4050412468,ok,31,1.7444722649641338,-0.5085638266838637,1.3158238777890803,0.4286483871750535,-0.8871754906140268,138,20,cached,80,Allen_2022-04-08,56
0.48161061579982445,-1.0,0.48161061579982445,0.0,-0.48161061579982445,81,566123.0078125,16742,5,0.41909865951270653,328861.6141189798,ok,31,0.9920672647655011,-0.3722060578992088,0.6806603552773595,0.31140690948814165,-0.3692534457892178,138,20,cached,80,Allen_2022-04-08,56
0.0391222843027208,-0.23664493186055505,0.024190187302883713,0.014932096999837087,-0.009258090303046626,82,78632.8212890625,16742,5,0.5329347173488195,36726.66090103574,ok,31,0.382888121475844,-0.31985994149053715,0.25267934680426457,0.13020877467157943,-0.12247057213268514,138,20,cached,80,Allen_2022-04-08,56
0.04688814185428783,0.10461254094718349,0.020991527097309396,0.02589661475697843,0.004905087659669034,83,98791.9541015625,16742,5,0.5459878192387664,44852.75052331409,ok,31,0.41922437003134594,-0.4905544170628161,0.3124383682452996,0.10678600178604637,-0.20565236645925322,138,20,cached,80,Allen_2022-04-08,56
0.028227951023950478,-0.9638351879821451,0.027717521752735286,0.0005104292712151923,-0.027207092481520093,99,260888.552734375,16740,5,0.11271432481061872,231482.67566210043,ok,31,0.28679080302244986,-0.62177588925288,0.23255520480064057,0.054235598221809296,-0.17831960657883128,138,20,cached,80,Allen_2022-04-08,56
0.3402400572163363,0.15292385673559747,0.14410461772543692,0.19613543949089943,0.052030821765462504,100,197710.2578125,16742,5,0.2624071866885024,145829.66528046338,ok,31,0.6706890640101242,0.22307926063385417,0.26053612174776697,0.41015294226235716,0.1496168205145902,138,20,cached,80,Allen_2022-04-08,56
0.07558055624331246,0.9425211063824703,0.002172143375931532,0.07340841286738092,0.07123626949144939,101,111775.01171875,16742,5,0.5047432074753283,55357.333788235715,ok,31,0.4463038117944962,0.2871972819157926,0.1590632850692297,0.28724052672526645,0.12817724165603675,138,20,cached,80,Allen_2022-04-08,56
0.2889173920033499,0.9935273442345236,0.0009350314115484555,0.2879823605918015,0.28704732918025305,102,607417.515625,16738,5,0.635726806501554,221265.91820361093,ok,31,0.9716978589926536,0.6238278960979121,0.1827628139872104,0.7889350450054432,0.6061722310182328,138,20,cached,80,Allen_2022-04-08,56
0.07688892340132347,-0.5292555267611482,0.058791405529094246,0.01809751787222922,-0.040693887656865026,105,214545.07421875,16742,5,0.5089589696494192,105350.43430101681,ok,31,0.6359309310171133,0.29938715140294114,0.22277069054543974,0.41316024047167355,0.1903895499262338,138,20,cached,80,Allen_2022-04-08,56
0.6453455531814446,-0.9975140064873359,0.6445433907521267,0.000802162429317832,-0.6437412283228089,106,814210.5703125,16731,5,0.33780429933285405,539166.7390986824,ok,30,1.0082576582208276,-0.4358279207799656,0.7238422485068441,0.2844154097139836,-0.4394268387928605,138,20,cached,80,Allen_2022-04-08,55
0.29493199944651377,-0.9713216779928864,0.2907029220213493,0.004229077425164483,-0.2864738445961848,107,785018.265625,16742,5,0.5186597618842201,377860.878901174,ok,31,1.1245491800034264,-0.006183851151752467,0.5657516123726964,0.55879756763073,-0.006954044741966481,138,20,cached,80,Allen_2022-04-08,56
0.16104583302415754,-0.9834158780042194,0.15971043115326516,0.0013354018708923844,-0.1583750292823728,109,393212.48828125,16742,5,0.2980674644190555,276008.63892135024,ok,31,0.5984556558464345,-0.20529161326717807,0.360656791452008,0.23779886439442638,-0.12285792705758164,138,20,cached,80,Allen_2022-04-08,56
0.04504418773576617,0.9455530348755206,0.0012262596593548855,0.043817928076411286,0.0425916684170564,110,116664.2890625,16742,5,0.5277107106323267,55099.294175912946,ok,31,0.5321937761638159,-0.00803877688271467,0.2682359815943831,0.2639577945694328,-0.0042781870249503084,138,20,cached,80,Allen_2022-04-08,56
0.11067348611929144,-0.45198198760406405,0.08034795417527979,0.030325531944011653,-0.05002242223126814,113,149657.11328125,16742,5,0.6891084650155965,46527.12966934256,ok,31,0.5611867624878264,-0.12283302610876508,0.31505951536819343,0.2461272471196329,-0.06893226824856052,138,20,cached,80,Allen_2022-04-08,56
0.07620876358026483,0.19390437989989628,0.03071577526764789,0.045492988312616944,0.014777213044969054,115,346080.078125,16741,5,0.5941013791388552,140473.42641845474,ok,31,0.9020945832521344,0.5821144321642067,0.18848615358195575,0.7136084296701787,0.5251222760882229,138,19,cached,80,Allen_2022-04-08,55
0.07056042705614042,0.915041869178653,0.002997340996322844,0.06756308605981758,0.06456574506349473,116,247532.5625,16742,5,0.5423108969559225,113292.95650482705,ok,31,0.7661876902352863,0.381488468877599,0.2369479607072814,0.5292397295280049,0.2922917688207235,138,20,cached,80,Allen_2022-04-08,56
0.1282118030738881,0.6560751539730941,0.022047612315509467,0.10616419075837863,0.08411657844286916,117,169521.673828125,16742,5,0.6085051063853613,66366.86966071728,ok,31,0.5852611382918742,0.31302220835590827,0.2010307021594296,0.3842304361324447,0.1831997339730151,138,20,cached,80,Allen_2022-04-08,56
0.1868674262077548,0.8236599707023052,0.01647610370613014,0.17039132250162464,0.1539152187954945,118,107727.0068359375,16714,5,0.3202237294471516,73230.2629447548,ok,31,0.2847649777618547,0.004920923998363936,0.14168183547444643,0.14308314228740832,0.0014013068129618833,138,20,cached,80,Allen_2022-04-08,56
0.1761321720977624,-0.9932141542251642,0.17553456921984129,0.0005976028779211143,-0.17493696634192016,120,540806.6796875,16742,5,0.47140799923500265,285866.0848430907,ok,31,0.9112123020769409,-0.07365551648081395,0.4891640574050447,0.42204824467189617,-0.06711581273314854,138,20,cached,80,Allen_2022-04-08,56
0.14061518174906573,1.0,0.0,0.14061518174906573,0.14061518174906573,121,139745.5048828125,16721,5,0.2638875666741316,102868.40364563913,ok,31,0.38355306606584544,0.053749037189979317,0.18146872902677086,0.20208433703907458,0.02061560801230372,138,20,cached,80,Allen_2022-04-08,56
0.1035757696621919,-0.9261177817390972,0.09974956585183037,0.0038262038103615242,-0.09592336204146884,122,125711.22265625,16742,5,0.4517047721320877,68926.86347186245,ok,31,0.5247859937643322,0.28633056690200764,0.18726186133377876,0.33752413243055346,0.1502622710967747,138,20,cached,80,Allen_2022-04-08,56
0.05193055698133928,-0.282729590129618,0.033306431035938056,0.018624125945401228,-0.014682305090536828,123,95490.8046875,16742,5,0.5430824498401629,43631.42454060399,ok,31,0.4337585645378568,0.3157875253835177,0.14839151041427007,0.2853670541235867,0.13697554370931664,138,20,cached,80,Allen_2022-04-08,56
0.18765863762237134,-1.0,0.18765863762237134,0.0,-0.18765863762237134,124,874607.203125,16742,5,0.4275244478599305,500691.2415146663,ok,31,1.0158186931318294,-0.259078962957844,0.639497973350808,0.37632071978102133,-0.2631772535697867,138,20,cached,80,Allen_2022-04-08,56
0.1486700797220692,-0.9836986553930107,0.14745831862092018,0.0012117611011490225,-0.14624655751977117,126,127415.701171875,16717,5,0.43779876989302113,71633.26393377135,ok,31,0.4671583964032229,0.04270399202859407,0.22360443398356442,0.24355396241965843,0.019949528436094016,138,20,cached,80,Allen_2022-04-08,56
0.049033542171067285,-0.05430777263333144,0.02584822231535024,0.02318531985571705,-0.002662902459633191,128,1037342.234375,16742,5,0.4873302313699571,531814.0032872029,ok,31,1.4387166791362689,-0.018446032459905,0.7326276468501116,0.7060890322861573,-0.026538614563954344,138,20,cached,80,Allen_2022-04-08,56
0.051703066470508936,-0.8916238268949894,0.048901376229575064,0.00280169024093387,-0.04609968598864119,129,74689.462890625,16742,5,0.47930427596453307,38890.48395765413,ok,31,0.3698835356238609,-0.44624170202538865,0.2674704970559105,0.10241303856795035,-0.16505745848796016,138,20,cached,80,Allen_2022-04-08,56
0.09108149216820796,-1.0,0.09108149216820796,0.0,-0.09108149216820796,130,63628.115234375,16742,5,0.334479025183534,42345.84527651568,ok,31,0.27855167710222306,0.08097723830622337,0.12799766578245908,0.15055401131976398,0.0225563455373049,138,20,cached,80,Allen_2022-04-08,56
0.0581990991641457,-0.8536889327441336,0.05394151300812762,0.0042575861560180785,-0.04968392685210954,131,606905.828125,16727,5,0.3906057579102551,369844.91715008335,ok,30,0.8411865288081268,-0.7364823758937559,0.7303527910572787,0.11083373775084816,-0.6195190533064305,138,20,cached,80,Allen_2022-04-08,54
0.15014215055853128,-1.0,0.15014215055853128,0.0,-0.15014215055853128,132,258926.5078125,16742,5,0.4803203484571482,134558.83735520748,ok,31,0.6432167509784146,-0.04465173676347439,0.33596874801248,0.3072480029659346,-0.028720745046545426,138,20,cached,80,Allen_2022-04-08,56
0.12273489889533569,-0.98180629708123,0.12161839775120219,0.0011165011441335092,-0.12050189660706868,134,275495.60546875,16742,5,0.30912797205857256,190332.2076391467,ok,31,0.533202496469797,-0.2008551930603706,0.3201494934192548,0.21305300305054214,-0.10709649036871266,138,20,cached,80,Allen_2022-04-08,56
0.13317372378272316,-0.8689380232513106,0.12444671803774933,0.00872700574497382,-0.11571971229277551,135,166236.640625,9906,5,0.4536931447758247,90816.21636287513,ok,18,0.6978492093582949,-0.42280025556287326,0.4964500167096655,0.2013991926486294,-0.2950508240610361,138,9,cached,80,Allen_2022-04-08,30
0.8574284287790457,-1.0,0.8574284287790457,0.0,-0.8574284287790457,136,5047421.75,16742,5,0.49239851169801985,2562078.7923877854,ok,31,2.6055166091537103,-0.5686913827425826,2.0436257261860495,0.561890882967661,-1.4817348432183886,138,20,cached,80,Allen_2022-04-08,56
0.21946022162834802,-1.0,0.21946022162834802,0.0,-0.21946022162834802,137,189345.265625,16742,5,0.3526125015217869,122579.75786166155,ok,31,0.5008401632541791,0.060333057391687706,0.23531147247025125,0.2655286907839279,0.03021721831367663,138,20,cached,80,Allen_2022-04-08,56
0.6627687026067483,-0.9040861515083763,0.6309843541433414,0.0317843484634068,-0.5992000056799346,138,1541409.453125,16732,5,0.6044615693465354,609686.6760834776,ok,31,1.6907436911171925,-0.034759232077429314,0.8747563217300922,0.8159873693871003,-0.058768952342991954,138,20,cached,80,Allen_2022-04-08,56
1.1041307792067527,-1.0,1.1041307792067527,0.0,-1.1041307792067527,139,3231980.3125,16735,5,0.45217602798610756,1770556.2922644513,ok,31,1.9974400381247206,-0.6139337036988521,1.6118678993235034,0.3855721388012172,-1.2262957605222862,138,20,cached,80,Allen_2022-04-08,56
0.47833919475475944,-1.0,0.47833919475475944,0.0,-0.47833919475475944,140,1914056.0625,16742,5,0.4339044132013691,1083538.6898664145,ok,31,1.6969884565100077,-0.4728187244339468,1.2496781869481008,0.4473102695619068,-0.8023679173861941,138,20,cached,80,Allen_2022-04-08,56
0.2820548497140407,-1.0,0.2820548497140407,0.0,-0.2820548497140407,141,451889.4609375,16742,5,0.3675648951727938,285790.7585983175,ok,31,0.7757358350160455,-0.3125055669241591,0.5090788009605604,0.26665703405548513,-0.24242176690507522,138,20,cached,80,Allen_2022-04-08,56
1.2550333117445311,-1.0,1.2550333117445311,0.0,-1.2550333117445311,142,3634840.25,15597,5,0.4446345194164586,2018664.8022856498,ok,28,2.437463361746632,-0.46838294809135383,1.7895648184930906,0.6478985432535411,-1.1416662752395494,138,14,cached,80,Allen_2022-04-08,46
0.2800538028900822,-1.0,0.2800538028900822,0.0,-0.2800538028900822,144,431759.8046875,16742,5,0.4501426760286792,237406.29080384888,ok,31,0.8588007559320735,-0.1739604960686295,0.5040990807290655,0.354701675203008,-0.14939740552605751,138,20,cached,80,Allen_2022-04-08,56
1.4189935346444447,-1.0,1.4189935346444447,0.0,-1.4189935346444447,145,5990391.625,16742,5,0.5668265047908883,2594878.8778726403,ok,31,3.3523398806340996,-0.3609206500397406,2.2811342847533527,1.071205595880747,-1.2099286888726057,138,20,cached,80,Allen_2022-04-08,56
0.14608765875454993,-1.0,0.14608765875454993,0.0,-0.14608765875454993,146,137593.828125,16742,5,0.5299162367193341,64680.624529193134,ok,31,0.49627084324893084,-0.4060657901808852,0.34889472767827107,0.14737611557065977,-0.2015186121076113,138,20,cached,80,Allen_2022-04-08,56
0.20752783672263225,-1.0,0.20752783672263225,0.0,-0.20752783672263225,147,146740.990234375,16742,5,0.47208782715669784,77466.35499980669,ok,31,0.5004015846454422,-0.30551033892919927,0.3266397211855898,0.1737618634598524,-0.15287785772573742,138,20,cached,80,Allen_2022-04-08,56
0.06351939309388399,-1.0,0.06351939309388399,0.0,-0.06351939309388399,22,99054.037109375,19702,5,0.5856196516950389,41046.04639839535,ok,37,0.3915030745537176,-0.2163561391401664,0.23810358411283233,0.15339949044088527,-0.08470409367194706,151,22,cached,101,Allen_2022-04-13,66
0.08473912941602368,-1.0,0.08473912941602368,0.0,-0.08473912941602368,33,26635.39599609375,18242,5,0.22387175064744036,20672.48326526042,ok,30,0.17186778143999015,0.5662054161122204,0.03727765636673819,0.13459012507325196,0.09731246870651378,151,18,cached,101,Allen_2022-04-13,58
0.4080530097979742,-0.9218964710227074,0.39211781976046045,0.01593519003751378,-0.3761826297229467,37,1057474.453125,19702,5,0.5568863976429996,468581.3143247176,ok,37,1.0989068407914602,0.24690876207463575,0.41378855654814595,0.6851182842433142,0.2713297276951683,151,22,cached,101,Allen_2022-04-13,66
0.43072097972035406,1.0,0.0,0.43072097972035406,0.43072097972035406,39,532562.9765625,19702,5,0.6414680839050165,190940.8244282009,ok,37,0.17912961573141126,0.7436833986510478,0.02295694715260956,0.1561726685788017,0.13321572142619212,151,22,cached,101,Allen_2022-04-13,66
0.07945019964633199,-0.8000991449537181,0.0715091182248822,0.007941081421449784,-0.06356803680343243,40,70112.4189453125,19702,5,0.5331348215230769,32733.046984352128,ok,37,0.28351369624433576,0.06109291960376901,0.1330965083965566,0.1504171878477792,0.017320679451222593,151,22,cached,101,Allen_2022-04-13,66
0.290581595338881,-1.0,0.290581595338881,0.0,-0.290581595338881,44,1605928.15625,19702,5,0.5245281525294383,763573.6273571805,ok,37,1.3887776536944636,-0.19959801987969247,0.8329874617125219,0.5557901919819417,-0.27719726973058023,151,22,cached,101,Allen_2022-04-13,66
0.060562806083665544,-0.6750165789269454,0.05072185212823873,0.009840953955426815,-0.040880898172811916,45,76186.60546875,19702,5,0.4680621642860203,40526.538023441724,ok,37,0.2901002260347014,0.3128365970270334,0.0996731292626161,0.1904270967720853,0.09075396750946921,151,22,cached,101,Allen_2022-04-13,66
0.15606294854854547,-0.8452781886038034,0.14398977750291428,0.012073171045631175,-0.1319166064572831,50,373468.453125,19702,5,0.5121595026857068,182193.0359036998,ok,37,0.6844697668779798,-0.001892675990157957,0.3428826231858694,0.3415871436921104,-0.0012954794937589664,151,22,cached,101,Allen_2022-04-13,66
0.031505622672072305,-0.9040938876016357,0.02999483177748819,0.00151079089458411,-0.028484040882904082,52,5850.357177734375,19702,5,0.5117436429877185,2856.474082821239,ok,37,0.08941596824151929,0.41960001868384383,0.025948513148371904,0.06346745509314738,0.03751894194477548,151,22,cached,101,Allen_2022-04-13,66
0.05141213588649406,-0.3031274253564304,0.033498282134920974,0.01791385375157309,-0.015584428383347886,57,52272.2666015625,19635,5,0.40692485472791495,31001.38210842284,ok,37,0.24222860612208028,0.4418531452650243,0.0675995673169382,0.17462903880514208,0.10702947148820388,151,22,cached,101,Allen_2022-04-13,65
0.023119040822105794,-0.2482059616116167,0.014428662290447392,0.008690378531658402,-0.00573828375878899,58,3705.5463256835938,19619,5,0.5646380990849689,1613.253692278318,ok,37,0.06577618241153688,0.2216865670475885,0.025597243169613648,0.04017893924192323,0.01458169607230958,151,22,cached,101,Allen_2022-04-13,66
0.11270698561954003,-0.41662415502989675,0.07983171913462381,0.03287526648491622,-0.04695645264970759,59,60217.265625,19662,5,0.5404485458227073,27672.931984549046,ok,37,0.2347349311593765,0.7250226998448577,0.03227338881115428,0.20246154234822222,0.17018815353706795,151,22,cached,101,Allen_2022-04-13,65
0.15207811329164544,-0.5787025238438882,0.1200430506374687,0.03203506265417673,-0.08800798798329197,64,659663.59375,19702,5,0.6390985132275826,238073.571754011,ok,37,1.0811164758206966,0.4533020156575252,0.29552209908530735,0.7855943767353892,0.4900722776500819,151,22,cached,101,Allen_2022-04-13,66
0.05689181333097319,-1.0,0.05689181333097319,0.0,-0.05689181333097319,65,17420.015625,19702,5,0.6098642304850437,6796.1712008219365,ok,37,0.1844135596426592,0.5990204160554246,0.03697303620962582,0.14744052343303338,0.11046748722340756,151,22,cached,101,Allen_2022-04-13,66
0.03199040883628186,-0.47037867006934986,0.02351900739983345,0.008471401436448409,-0.01504760596338504,67,186353.953125,19702,5,0.5320754534851715,87199.58900726124,ok,37,0.5123329647797316,0.2846572988134331,0.1832468234662277,0.32908614131350383,0.14583931784727613,151,22,cached,101,Allen_2022-04-13,66
0.11590815606371811,-0.7602279250508764,0.10201238652225585,0.013895769541462268,-0.08811661698079358,70,308632.3671875,19702,5,0.524307203209122,146814.19392761108,ok,37,0.6517260076740059,0.23309726771573555,0.24990522799295528,0.40182077968105057,0.15191555168809528,151,22,cached,101,Allen_2022-04-13,66
0.05006933864521368,-0.9182308033261524,0.0480222738457087,0.0020470647995049765,-0.045975209046203724,80,16151.23486328125,19702,5,0.5902590924491058,6617.8216309485015,ok,37,0.15284672989073445,0.2380638460521366,0.05822972475822706,0.09461700513250737,0.03638728037428031,151,22,cached,101,Allen_2022-04-13,66
0.04414728542324156,-0.8796991543893604,0.04149180753932645,0.0026554778839151076,-0.03883632965541134,83,11004.694946289062,19702,5,0.6364458109245053,4000.8029472213157,ok,37,0.11879039533184066,0.04855932481586255,0.05651100696995855,0.06227938836188212,0.005768381391923573,151,22,cached,101,Allen_2022-04-13,66
0.46826022936341666,0.9800231245157861,0.00467718814810117,0.46358304121531546,0.45890585306721426,96,447430.8125,19663,5,0.6602996555558068,151992.4011211952,ok,37,0.3967900670288752,0.7444758485578912,0.05069472258910537,0.3460953444397698,0.2954006218506644,151,22,cached,101,Allen_2022-04-13,66
0.04679428540450014,-0.9999899963274179,0.04679405134714519,2.3405735494937592e-07,-0.04679381728979024,99,33261.15478515625,19702,5,0.38124060511605606,20580.65200800448,ok,37,0.20112743275240066,-0.4328720241066137,0.14409493583564958,0.05703249691675108,-0.0870624389188985,151,22,cached,101,Allen_2022-04-13,66
0.011665420101295848,-0.5830190809087203,0.009233291303583732,0.0024321287977121155,-0.006801162505871617,107,10705.697509765625,19674,5,0.31283738138918515,7356.555134865826,ok,37,0.1052710355965246,-0.7184039802673593,0.09044908328796737,0.014821952308557236,-0.07562713097941014,151,22,cached,101,Allen_2022-04-13,65
0.30214484832249583,-0.9674217677277074,0.2972231757982324,0.004921672524263465,-0.2923015032739689,108,141732.04296875,19702,5,0.5034080465977646,70382.99207754112,ok,37,0.29218075944809246,-0.2621472638860761,0.18438757304878284,0.10779318639930961,-0.07659438664947323,151,22,cached,101,Allen_2022-04-13,66
0.27221515026952453,-0.9618083722389855,0.2670169804245234,0.005198169845001155,-0.2618188105795222,109,647878.5078125,19702,5,0.6398445096844647,233337.00164610834,ok,37,1.1523772004972368,0.3498782849550052,0.3745927209830067,0.7777844795142301,0.4031917585312234,151,22,cached,101,Allen_2022-04-13,66
0.14857853210220734,-1.0,0.14857853210220734,0.0,-0.14857853210220734,112,121877.66796875,19702,5,0.45356110389829485,66598.6983442939,ok,37,0.4252371842274443,-0.08629499059308825,0.23096651152009146,0.19427067270735282,-0.036695838812738635,151,22,cached,101,Allen_2022-04-13,66
0.2869981586234644,-0.8043734480691338,0.25892592853245633,0.02807223009100806,-0.23085369844144826,113,499880.265625,19672,5,0.4361781403205792,281843.42098173033,ok,37,0.6443110135987808,0.040994746106480115,0.308948823591345,0.3353621900074359,0.026413366416090878,151,20,cached,101,Allen_2022-04-13,63
0.4087733189264933,-1.0,0.4087733189264933,0.0,-0.4087733189264933,116,789921.5546875,19673,5,0.555963149715009,350754.27911566076,ok,37,0.9761283876995246,-0.6313594981048136,0.7962081583216787,0.17992022937784596,-0.6162879289438328,151,21,cached,101,Allen_2022-04-13,64
0.23168171488990386,-1.0,0.23168171488990386,0.0,-0.23168171488990386,118,276896.8984375,19702,5,0.5631154031057048,120971.98985514778,ok,37,0.6776198170145411,-0.23415422813587,0.41814368111857525,0.2594761358959659,-0.15866754522260934,151,22,cached,101,Allen_2022-04-13,66
0.3028264582157135,-1.0,0.3028264582157135,0.0,-0.3028264582157135,120,521944.1171875,19664,5,0.5236572270844011,248624.30808807808,ok,37,0.8295095519434351,-0.4074543502096703,0.5837484137116311,0.24576113823180404,-0.3379872754798271,151,21,cached,101,Allen_2022-04-13,63
0.0480503010447137,-0.5165997200345103,0.03643653655599337,0.011613764488720334,-0.024822772067273034,122,108120.7548828125,19641,5,0.3270731999539689,72757.35360185232,ok,36,0.2694373629036515,-0.3708598403180452,0.18468043014290744,0.08475693276074406,-0.09992349738216338,151,20,cached,101,Allen_2022-04-13,64
0.1345292193009906,-0.8656490034724231,0.1254921519634081,0.009037067337582513,-0.11645508462582559,123,259937.91796875,19702,5,0.5161923480106829,125759.95375545265,ok,37,0.5837703470063086,-0.03702168202746683,0.30269125358512006,0.28107909342118853,-0.021612160163931526,151,22,cached,101,Allen_2022-04-13,66
0.11868585202610121,-0.5515756374848897,0.09207503825891764,0.026610813767183578,-0.06546422449173406,124,275960.7890625,19702,5,0.45294367671475644,150966.0946354259,ok,37,0.5912848831154407,-0.10113484214689213,0.3255421932165822,0.2657426898988585,-0.05979950331772366,151,22,cached,101,Allen_2022-04-13,66
0.05306846320163459,-0.3077959139674659,0.03470135966781527,0.018367103533819318,-0.01633425613399595,128,51910.837890625,19702,5,0.5706163302718268,22289.666072140863,ok,37,0.25168362825885804,0.11185339161924024,0.11176598041153436,0.1399176478473237,0.028151667435789327,151,22,cached,101,Allen_2022-04-13,66
0.02232533344358672,-0.28856032586006614,0.014383769468501367,0.007941563975085351,-0.006442205493416016,142,14968.15283203125,19702,5,0.5318576737580323,7007.225886332407,ok,37,0.14258035857346843,0.17394389164693463,0.05888968806539197,0.08369067050807645,0.02480098244268448,151,22,cached,101,Allen_2022-04-13,66
0.19892803065789244,-0.895215710610838,0.1885057644918561,0.010422266166036332,-0.17808349832581977,7,160727.669921875,25509,5,0.6282898282710591,59744.109788252696,ok,36,0.561304026862005,0.2528696577438052,0.20968363484959507,0.3516203920124099,0.14193675716281484,138,14,cached,89,Allen_2022-04-15,61
0.14882537743930394,-0.996526786891565,0.14856692631340895,0.00025845112589498355,-0.14830847518751397,18,96368.3466796875,25521,5,0.5883861479668941,39666.54639088794,ok,36,0.3376671630195537,-0.6249675512366863,0.27434909151246156,0.06331807150709211,-0.21103102000536944,138,14,cached,89,Allen_2022-04-15,61
0.02498055637535496,-0.45030991753235117,0.01811477432832665,0.00686578204702831,-0.011248992281298342,24,27904.702392578125,25518,5,0.357083889196954,17940.38273535278,ok,36,0.14650042306942246,-0.8026976284187795,0.13204798261479786,0.014452440454624599,-0.11759554216017326,138,14,cached,89,Allen_2022-04-15,61
0.15524325319565832,-0.9572445467943812,0.15192450537191082,0.003318747823747496,-0.14860575754816333,25,150477.3515625,25509,5,0.6563383950552408,51713.288145805505,ok,36,0.45463616804530227,-1.0,0.45463616804530227,0.0,-0.45463616804530227,138,14,cached,89,Allen_2022-04-15,60
0.045954792614914676,-0.0880500878934261,0.02500055807189104,0.020954234543023635,-0.004046323528867406,26,61637.1904296875,25521,5,0.5147280498364115,29910.799602418927,ok,36,0.31517153719614727,0.16367574162656529,0.13179280105299163,0.18337873614315564,0.051585935090164015,138,14,cached,89,Allen_2022-04-15,61
0.09066694221861932,-0.6802072243009738,0.07616962566050157,0.01449731655811775,-0.061672309102383825,27,76576.05126953125,25521,5,0.45038989190909395,42086.971815421835,ok,36,0.27449887011122576,-0.28259175592200336,0.1760349939072815,0.09846387620394428,-0.07757111770333722,138,14,cached,89,Allen_2022-04-15,61
0.29312456973517936,-0.9968352471309133,0.29266073632364475,0.00046383341153462715,-0.29219690291211015,28,513280.2109375,25521,5,0.6024565015230878,204051.21075506118,ok,36,1.069434015794347,0.04552776995878736,0.5103725349685798,0.559061480825767,0.048688945857187194,138,14,cached,89,Allen_2022-04-15,61
0.0477733895222021,-0.9926804361065333,0.047598549333694486,0.00017484018850761154,-0.04742370914518687,29,97608.5654296875,25521,5,0.4592744662211762,52779.44364335302,ok,36,0.44069450028473517,0.22107967634610665,0.17163295139713836,0.2690615488875968,0.09742859749045846,138,14,cached,89,Allen_2022-04-15,61
0.17469275019442043,-1.0,0.17469275019442043,0.0,-0.17469275019442043,30,234141.58984375,25521,5,0.5006849872647725,116910.41091467845,ok,36,0.5694710265534619,-0.3911303962461459,0.3961042274100085,0.1733667991434535,-0.22273742826655502,138,14,cached,89,Allen_2022-04-15,61
0.30756151080131533,-1.0,0.30756151080131533,0.0,-0.30756151080131533,31,402995.7890625,25521,5,0.5067246751283319,198787.87877171894,ok,36,0.8934886563763335,-0.13873634958245287,0.5087240054776583,0.3847646508986752,-0.1239593545789831,138,14,cached,89,Allen_2022-04-15,61
0.07410562492113967,0.9269354640679277,0.002707246547409644,0.07139837837373003,0.06869113182632039,32,83322.8046875,22813,5,0.5901690283317993,34148.26600719784,ok,31,0.4673479028230456,0.06854531812453224,0.21765669607460347,0.2496912067484421,0.03203451067383864,138,11,cached,89,Allen_2022-04-15,50
0.093101140546302,-1.0,0.093101140546302,0.0,-0.093101140546302,33,32901.67578125,22467,5,0.38086081201962785,20370.7168263966,ok,33,0.17837799737074728,-0.14152665323554894,0.10181161917474434,0.07656637819600293,-0.02524524097874141,138,14,cached,89,Allen_2022-04-15,56
0.12318356024722257,-1.0,0.12318356024722257,0.0,-0.12318356024722257,34,91716.5341796875,25521,5,0.3563475931302278,59033.567974509584,ok,36,0.3948245072223168,0.20975996217599308,0.15600306676060427,0.23882144046171255,0.08281837370110828,138,14,cached,89,Allen_2022-04-15,61
0.1419684131940206,-1.0,0.1419684131940206,0.0,-0.1419684131940206,36,54560.703125,25521,5,0.3088678087519017,37708.658306818215,ok,36,0.251402410864345,-0.11284371795020773,0.13988579680396168,0.1115166140603833,-0.028369182743578386,138,14,cached,89,Allen_2022-04-15,61
0.2084531322369003,-0.8694631214298871,0.19484772163171632,0.013605410605183959,-0.18124231102653235,37,1658400.03125,25521,5,0.4937506827513293,839563.8835454867,ok,36,1.8604702779247115,0.038416794373305765,0.8944984869100154,0.9659717910146961,0.07147330410468067,138,14,cached,89,Allen_2022-04-15,61
0.10470091334233682,-1.0,0.10470091334233682,0.0,-0.10470091334233682,43,61092.2763671875,25521,5,0.5755572781651889,25930.17206437357,ok,36,0.3207091786976283,-0.23344592752230478,0.19778871519180638,0.12292046350582195,-0.07486825168598443,138,14,cached,89,Allen_2022-04-15,61
0.025233078003899817,-0.6109431049696176,0.020324526513771465,0.004908551490128352,-0.015415975023643114,44,7106.8880615234375,25521,5,0.47758686552389773,3712.731668591249,ok,36,0.09565738837603324,0.02644868492074059,0.046563688125267316,0.04909370025076593,0.0025300121254986166,138,14,cached,89,Allen_2022-04-15,61
0.05308001903273787,0.7297733367469172,0.007171818214313438,0.04590820081842443,0.03873638260411099,45,3204.8681640625,25483,5,0.10708906524767525,2861.661828131014,ok,36,0.04129607098584529,-0.7346691679974279,0.035817510549289486,0.005478560436555805,-0.03033895011273368,138,14,cached,89,Allen_2022-04-15,60
0.1785675736144185,-0.6120785573482769,0.143932478230757,0.034635095383661496,-0.1092973828470955,47,245667.134765625,25499,5,0.63433315836949,89832.32526216297,ok,36,0.6888146953172206,0.26551104831009836,0.2529633917360722,0.43585130358114843,0.18288791184507625,138,14,cached,89,Allen_2022-04-15,61
0.0831551818177104,0.2435894278411395,0.0314497293283542,0.0517054524893562,0.020255723161002,48,576620.15625,25521,5,0.5539595264288985,257195.92756439256,ok,36,1.029911388544618,0.07507150439322777,0.47629719560742767,0.5536141929371903,0.0773169973297626,138,14,cached,89,Allen_2022-04-15,61
0.03042197843149855,0.9329523496966229,0.0010198610857059974,0.029402117345792553,0.028382256260086555,51,55086.4560546875,25521,5,0.4116631763065042,32409.390583746186,ok,36,0.26634517011092007,0.23808827377573766,0.10146575416535294,0.1648794159455671,0.06341366178021415,138,14,cached,89,Allen_2022-04-15,61
0.11432863202256462,-1.0,0.11432863202256462,0.0,-0.11432863202256462,52,358633.07421875,25521,5,0.5601206384095943,157755.28773254837,ok,36,0.8290188191536194,-0.15948706092759485,0.4806182970370477,0.3484005221165717,-0.13221777492047604,138,14,cached,89,Allen_2022-04-15,61
0.023831470028623396,-0.234328382089101,0.01470792992161781,0.009123540107005588,-0.005584389814612222,54,40697.55029296875,25521,5,0.3961270159442889,24576.15113917242,ok,36,0.24776804431385246,0.4091879015605609,0.07319217909365155,0.1745758652202009,0.10138368612654935,138,14,cached,89,Allen_2022-04-15,61
0.009501918998042433,0.9400204009707618,0.0002849606457554426,0.00921695835228699,0.008931997706531547,55,18679.258666992188,25512,5,0.3065784982823808,12952.599595837575,ok,36,0.14095542852713455,0.050243902270304674,0.06693663887587414,0.07401878965126041,0.0070821507753862645,138,14,cached,89,Allen_2022-04-15,61
0.042412475775927314,-0.41027382167081006,0.029906602149518832,0.012505873626408478,-0.017400728523110354,57,998128.53125,25502,5,0.591579590219212,407656.06374702096,ok,36,1.5068003928541054,0.06615097173840909,0.7035620413254948,0.8032383515286105,0.09967631020311563,138,14,cached,89,Allen_2022-04-15,61
0.11840522308120853,-0.959859372834493,0.11602879312413279,0.0023764299570757435,-0.11365236316705705,60,244773.00390625,25521,5,0.5702587752379988,105189.05048734596,ok,36,0.6200408346252517,-0.19178638551013857,0.36947811258335916,0.25056272204189256,-0.1189153905414666,138,14,cached,89,Allen_2022-04-15,61
0.06435896668893595,-1.0,0.06435896668893595,0.0,-0.06435896668893595,61,82661.91796875,25521,5,0.4487799419820139,45564.90721861239,ok,36,0.37266563109975936,0.24983975478314677,0.1397794706048444,0.23288616049491492,0.09310668989007051,138,14,cached,89,Allen_2022-04-15,61
0.027212890286561257,0.17445555837331114,0.011232725158333779,0.01598016512822748,0.004747439969893699,62,454507.47265625,25521,5,0.5433147104806852,207566.87673871155,ok,36,0.9183133332136397,0.04265660322776123,0.43957060285999133,0.47874273035364845,0.039172127493657116,138,14,cached,89,Allen_2022-04-15,61
0.2240908220720788,-0.991151932981866,0.22309943676615757,0.0009913853059212365,-0.22210805146023632,64,509555.4609375,25521,5,0.5865611349095579,210670.03147063716,ok,36,0.7294443200846824,-0.882062113738241,0.6864297594564657,0.04301456062821673,-0.6434151988282489,138,14,cached,89,Allen_2022-04-15,61
0.23982267153138917,-1.0,0.23982267153138917,0.0,-0.23982267153138917,66,384512.08203125,25499,5,0.5879851296495282,158424.69562629546,ok,36,0.721571193728596,-0.5453691469170286,0.5575469300461312,0.1640242636824648,-0.3935226663636664,138,14,cached,89,Allen_2022-04-15,61
0.03482837900907422,-1.0,0.03482837900907422,0.0,-0.03482837900907422,67,13187.843505859375,25521,5,0.4533812828246754,7208.722099481787,ok,36,0.14818382773397998,-0.008930346421528486,0.07475358032485625,0.07343024740912371,-0.0013233329157325419,138,14,cached,89,Allen_2022-04-15,61
0.0483002389674463,-0.43270627294859154,0.03460002767678816,0.013700211290658144,-0.020899816386130015,68,48801.52685546875,25514,5,0.5219057638561543,23331.728704618705,ok,36,0.2796929458660694,0.6060542792677196,0.05509191957147171,0.22460102629459772,0.169509106723126,138,14,cached,89,Allen_2022-04-15,61
0.4008848545296738,-0.9936644335325145,0.3996149382088333,0.0012699163208405174,-0.3983450218879928,69,606035.0859375,25521,5,0.6028532440296734,240684.86838427617,ok,36,0.8995464090451909,-0.6464570630567084,0.7405322693598767,0.1590141396853142,-0.5815181296745625,138,14,cached,89,Allen_2022-04-15,61
0.032001944169557345,-0.018756546258072385,0.016301095057860947,0.015700849111696395,-0.0006002459461645522,70,14476.388916015625,25399,5,0.19490665326862577,11654.84440097999,ok,36,0.09743030808361557,0.4191384516238378,0.028296759806107727,0.06913354827750784,0.04083678847140011,138,14,cached,89,Allen_2022-04-15,61
0.059655315700608,-0.8720888537701443,0.055840025795623666,0.003815289904984337,-0.05202473589063933,71,34323.08154296875,25517,5,0.420031877889542,19906.293147519707,ok,36,0.19191417855132994,-0.4007558698787061,0.13441245605936275,0.057501722491967194,-0.07691073356739556,138,14,cached,89,Allen_2022-04-15,61
0.13053430169820784,-1.0,0.13053430169820784,0.0,-0.13053430169820784,75,188357.12890625,25521,5,0.5496927475580218,84818.58119563294,ok,36,0.569879394878323,-0.24353594187510946,0.35433275503261635,0.21554663984570654,-0.1387861151869098,138,14,cached,89,Allen_2022-04-15,61
0.0660840203325885,-0.9078273860153061,0.06303845188425233,0.0030455684483361757,-0.05999288343591616,76,53040.53662109375,25521,5,0.5650063908560956,23072.294455739,ok,36,0.2954467850955552,0.03702210028698629,0.14225436229413996,0.1531924228014153,0.010938060507275332,138,14,cached,89,Allen_2022-04-15,61
0.025803464209699693,-0.8589502719593042,0.023983678405056708,0.001819785804642986,-0.022163892600413723,77,29002.07763671875,25521,5,0.5721465683962457,12408.638440508617,ok,36,0.22950795759873777,0.194461685733347,0.09243872663743484,0.1370692309613029,0.04463050432386807,138,14,cached,89,Allen_2022-04-15,61
0.03345575363879713,0.5445871770507816,0.007618089604269091,0.025837664034528036,0.018219574430258945,80,25940.11083984375,25521,5,0.5641671009863163,11305.553708065383,ok,36,0.20945840401594373,0.03387027714137473,0.10118199491116685,0.1082764091047769,0.007094414193610052,138,14,cached,89,Allen_2022-04-15,61
0.005511767259425445,0.3816605289860804,0.0017040716257724854,0.00380769563365296,0.002103624007880474,81,15064.424560546875,25521,5,0.5221139507472219,7199.078337506265,ok,36,0.16467063199379484,-0.22036398005500302,0.10047905392906009,0.06419157806473474,-0.03628747586432535,138,14,cached,89,Allen_2022-04-15,61
0.010041402409842705,0.983505646825651,8.281321885685127e-05,0.009958589190985852,0.009875775972129,97,1414.1303253173828,25500,5,-0.0011819936196366676,1415.8018183392428,ok,36,0.006148293047590413,-0.4913178891746869,0.004584529704879969,0.0015637633427104444,-0.0030207663621695247,138,14,cached,89,Allen_2022-04-15,61
0.0915803931110228,0.9571894060293921,0.001960305512572328,0.08962008759845047,0.08765978208587814,102,11232.627563476562,25389,5,0.4200830311700313,6513.991328607284,ok,36,0.06464618459285704,0.2243564899799265,0.02507119676350461,0.03957498782935242,0.014503791065847808,138,14,cached,89,Allen_2022-04-15,61
0.009172116772970185,0.23099358986479726,0.003526708296461341,0.005645408476508844,0.002118700180047503,105,7234.916748046875,25518,5,0.3057337415438244,5022.958580908426,ok,36,0.08678027025131693,-0.5528329316077131,0.06737763073003104,0.019402639521285896,-0.04797499120874515,138,14,cached,89,Allen_2022-04-15,61
0.08098527612164616,-1.0,0.08098527612164616,0.0,-0.08098527612164616,106,19075.355224609375,25521,5,0.5182503709074322,9189.545304264542,ok,36,0.18809851709083886,0.5817133711211049,0.03933954730552311,0.14875896978531575,0.10941942247979264,138,14,cached,89,Allen_2022-04-15,61
0.050218145794588054,-0.5507401118526133,0.03893764651326516,0.011280499281322895,-0.027657147231942264,113,17364.78076171875,25521,5,0.3941401118195481,10520.624130572984,ok,36,0.10395309440403556,-0.3463614438764725,0.06997921913862229,0.033973875265413275,-0.036005343873209014,138,14,cached,89,Allen_2022-04-15,61
0.06670779125609745,-0.9313180215999147,0.06441697971701311,0.0022908115390843403,-0.06212616817792877,116,64762.9560546875,25521,5,0.5712816565222165,27765.067238490115,ok,36,0.3176974914579963,-0.5550920560509962,0.24702442259682963,0.07067306886116664,-0.176351353735663,138,14,cached,89,Allen_2022-04-15,61
0.12120750832060972,-0.2765847862767019,0.07736583055229856,0.04384167776831115,-0.03352415278398741,117,99498.701171875,25521,5,0.5126893126621213,48486.78045729261,ok,36,0.39181999700764814,-1.0,0.39181999700764814,0.0,-0.39181999700764814,138,14,cached,89,Allen_2022-04-15,61
0.2587665910522143,-1.0,0.2587665910522143,0.0,-0.2587665910522143,118,515227.078125,25521,5,0.5426089696052669,235660.24415086134,ok,36,0.8873167494176112,-0.36974852851735346,0.6077004059217871,0.2796163434958241,-0.328084062425963,138,14,cached,89,Allen_2022-04-15,61
0.0796252900113662,-1.0,0.0796252900113662,0.0,-0.0796252900113662,120,32713.140869140625,25521,5,0.4930484224067807,16583.978371640056,ok,36,0.1283308111160295,-0.9243708269136104,0.12347803455292403,0.004852776563105484,-0.11862525798981854,138,14,cached,89,Allen_2022-04-15,61
0.055666412249653754,0.4285782141069847,0.015904500350976986,0.03976191189867677,0.023857411547699783,122,83947.3916015625,25506,5,0.26140579833245614,62003.05668202873,ok,36,0.35295772331301123,-0.0865685840782494,0.19175638682985058,0.16120133648316068,-0.0305550503466899,138,14,cached,89,Allen_2022-04-15,60
0.05424943113078674,1.0,0.0,0.05424943113078674,0.05424943113078674,124,156633.5078125,25521,5,0.429825958907211,89308.36011999207,ok,36,0.5259610109390148,-0.050848119952377605,0.2763525697567578,0.249608441182257,-0.026744128574500814,138,14,cached,89,Allen_2022-04-15,61
0.40079282199343047,-1.0,0.40079282199343047,0.0,-0.40079282199343047,125,616882.8984375,25507,5,0.6056611311957268,243260.90435454508,ok,36,1.0811678598169239,-0.08407845522995339,0.5860353916573028,0.49513246815962103,-0.09090292349768175,138,14,cached,89,Allen_2022-04-15,61
0.06522141253808514,-0.5028760281263013,0.049009848712012166,0.016211563826072965,-0.0327982848859392,128,45095.4599609375,25521,5,0.6081145734886471,17672.253560517634,ok,36,0.27774813121165304,0.0377866928260607,0.13362647394727295,0.1441216572643801,0.010495183317107137,138,14,cached,89,Allen_2022-04-15,61
0.045408142202844226,-0.5980811916976667,0.036282949002149206,0.00912519320069502,-0.027157755801454186,129,4956.345031738281,25493,5,0.5694708489198335,2133.851018974683,ok,36,0.06359411871526391,-0.26809052406551986,0.040321549664561945,0.02327256905070196,-0.017048980613859985,138,13,cached,89,Allen_2022-04-15,58
0.4303299841781457,-1.0,0.4303299841781457,0.0,-0.4303299841781457,133,1154070.609375,25504,5,0.6009182421098682,460568.5275187106,ok,36,1.281122457329184,-0.4626928520986025,0.9369443304991971,0.34417812682998683,-0.5927662036692103,138,14,cached,89,Allen_2022-04-15,61
0.06670653425050356,0.16738955998603905,0.027770278417059063,0.0389362558334445,0.011165977416385434,135,196830.990234375,25521,5,0.582056180774519,82264.29580048803,ok,36,0.6195615830889438,0.12576606686260008,0.27082087980234065,0.3487407032866031,0.07791982348426246,138,14,cached,89,Allen_2022-04-15,61
0.027219979952125568,0.14395466646729796,0.011650768408435397,0.01556921154369017,0.003918443135254773,136,63645.2490234375,25521,5,0.3343854408606661,42363.20437004847,ok,36,0.22906336477705436,-0.19639270210512785,0.13702486896945631,0.09203849580759804,-0.04498637316185827,138,14,cached,89,Allen_2022-04-15,61
0.11719958571096262,0.9763134366588065,0.0013880277052521707,0.11581155800571044,0.11442353030045826,137,464963.89453125,25477,5,0.5841262162472725,193366.2941271151,ok,36,0.9895366151157458,0.07793738203685636,0.4562073609520061,0.5333292541637397,0.07712189321173357,138,14,cached,89,Allen_2022-04-15,60
0.1853772470106681,1.0,0.0,0.1853772470106681,0.1853772470106681,138,37948.75537109375,22474,5,0.32839603514280424,25486.534568622366,ok,32,0.2763004420849029,-0.17026995611996948,0.16167305311731375,0.11462738896758917,-0.04704566414972458,138,10,cached,89,Allen_2022-04-15,54
0.04636675546280458,-0.9722874409476236,0.04572428473838955,0.0006424707244150341,-0.045081814013974514,140,21182.804809570312,25516,5,0.30020042903829347,14823.717717502877,ok,36,0.15646554351260422,-0.02643778070838881,0.08030107262020465,0.07616447089239956,-0.004136601727805098,138,14,cached,89,Allen_2022-04-15,61
0.1644863190750281,-1.0,0.1644863190750281,0.0,-0.1644863190750281,141,1392592.265625,25521,5,0.5721664435636777,595797.7016680592,ok,36,1.6137119808234275,0.04199096201769467,0.772975331164586,0.8407366496588414,0.06776131849425537,138,14,cached,89,Allen_2022-04-15,61
0.07640341852044609,-0.80880560629242,0.0690994658798445,0.00730395264060159,-0.061795513239242914,142,659289.71875,25521,5,0.4809767194737967,342186.71264282294,ok,36,1.0136942180339248,0.08756225316553386,0.4624664341410002,0.5512277838929246,0.0887613497519244,138,14,cached,89,Allen_2022-04-15,61
0.05518478583544493,-1.0,0.05518478583544493,0.0,-0.05518478583544493,143,17189.060546875,25503,5,0.45520588068423273,9364.499102500167,ok,36,0.13468367444135465,-0.3749338637790438,0.0925905724438053,0.04209310199754934,-0.05049747044625595,138,14,cached,89,Allen_2022-04-15,61
0.4577849596738815,-1.0,0.4577849596738815,0.0,-0.4577849596738815,144,745408.453125,25501,5,0.4619792169137441,401045.23966942716,ok,35,0.8935800013132393,-0.4615999653114182,0.6530282494612039,0.24055175185203553,-0.4124764976091683,138,12,cached,89,Allen_2022-04-15,56
0.10833398817339912,-0.9063543778626527,0.10326148631284013,0.005072501860558987,-0.09818898445228114,145,198424.25,25521,5,0.4797878006134073,103222.71550413512,ok,36,0.48541921867678567,-0.37609437834139126,0.3339913289799976,0.15142788969678805,-0.18256343928320956,138,14,cached,89,Allen_2022-04-15,61
0.02685978084142941,-0.2825413154321465,0.01722438932629302,0.009635391515136389,-0.0075889978111566316,146,19619.70166015625,25519,5,0.584319855383057,8155.520423435028,ok,36,0.17006122262100692,-0.5393466900138523,0.13089159007067794,0.03916963255032898,-0.09172195752034895,138,14,cached,89,Allen_2022-04-15,61
0.04874504642017806,0.860602597470437,0.0033974664285778998,0.04534757999160016,0.041950113563022265,149,16418.820556640625,25521,5,0.5882583935589731,6760.311551858165,ok,36,0.09862373113671007,0.8330888777215704,0.008230698823657196,0.09039303231305287,0.08216233348939568,138,14,cached,89,Allen_2022-04-15,61
0.01124740566253119,-0.7163364483915481,0.009652166144223885,0.0015952395183073047,-0.00805692662591658,153,9024.083770751953,25521,5,0.18705219825589636,7336.109064187442,ok,36,0.0814116430594974,0.2481479727313109,0.03060475443877901,0.05080688862071839,0.020202134181939377,138,14,cached,89,Allen_2022-04-15,61
0.04258369542367291,0.5711505525533194,0.009130997126339937,0.033452698297332974,0.024321701170993037,154,126607.76953125,25515,5,0.2216889576469495,98540.22507386198,ok,36,0.25635533706905944,-0.17681981696595153,0.15084202042392766,0.10551331664513176,-0.0453287037787959,138,14,cached,89,Allen_2022-04-15,61
0.04451937185319063,-0.34265918568898596,0.02988717177989505,0.014632200073295585,-0.015254971706599464,155,12930.687744140625,25519,5,0.3233264399782192,8749.854509357647,ok,36,0.12933358302301107,-0.2811692703030618,0.08284910609363577,0.04648447692937528,-0.03636462916426049,138,14,cached,89,Allen_2022-04-15,60
0.02057601480919402,-0.48256494586133064,0.015252639140817335,0.005323375668376686,-0.00992926347244065,156,27902.456787109375,25521,5,0.3446150366801546,18286.85061795325,ok,36,0.15797926500963516,0.08680328590717915,0.07213307285079888,0.08584619215883627,0.013713119308037383,138,14,cached,89,Allen_2022-04-15,61
0.21103599310542148,-0.8597631335850882,0.19623847991848986,0.01479751318693161,-0.18144096673155824,157,329478.75390625,25485,5,0.5162635359583144,159380.88739147008,ok,35,0.6093822564580478,-0.6155947268152512,0.49225738007420056,0.11712487638384728,-0.3751325036903533,138,14,cached,89,Allen_2022-04-15,58
0.10426705497860286,-0.9868853598106619,0.10358334252377971,0.0006837124548231561,-0.10289963006895655,158,299982.40234375,25420,5,0.43189337524470195,170421.99008149363,ok,36,0.6232058108240988,-0.21580900330987834,0.37884961785748605,0.2443561929666127,-0.13449342489087335,138,14,cached,89,Allen_2022-04-15,61
0.17224955453226962,-1.0,0.17224955453226962,0.0,-0.17224955453226962,160,125616.3037109375,25429,5,0.27121571106387576,91547.18857875981,ok,36,0.31483503594839324,-0.3558280950572109,0.21343109352358927,0.101403942424804,-0.11202715109878528,138,14,cached,89,Allen_2022-04-15,61
0.22972514480352402,-1.0,0.22972514480352402,0.0,-0.22972514480352402,161,307270.46484375,25521,5,0.45880855982393776,166292.14539235717,ok,36,0.5689461331707814,-0.23318513904255006,0.3508079581709656,0.21813817499981575,-0.13266978317114986,138,14,cached,89,Allen_2022-04-15,61
0.16143555220526953,-0.8521531515208772,0.14950168339225153,0.011933868813018004,-0.13756781457923353,162,120881.775390625,25519,5,0.4419625465312429,67456.55810976664,ok,36,0.3399077342260474,-0.7262680983798429,0.29338593899349996,0.04652179523254746,-0.2468641437609525,138,13,cached,89,Allen_2022-04-15,60
0.06234004025657972,-1.0,0.06234004025657972,0.0,-0.06234004025657972,164,80129.712890625,25521,5,0.31756597700885314,54683.242329074776,ok,36,0.30146561652509263,0.09076906855239998,0.1370509316562675,0.16441468486882516,0.027363753212557657,138,14,cached,89,Allen_2022-04-15,61
0.32894171237324676,-1.0,0.32894171237324676,0.0,-0.32894171237324676,165,713832.9375,25518,5,0.3695165220091958,450059.87313939235,ok,36,0.83927573057202,-0.4471160496944014,0.6072646899148821,0.23201104065713787,-0.3752536492577443,138,14,cached,89,Allen_2022-04-15,61
0.049548225408458775,-0.9067218791209143,0.04723734272896157,0.0023108826794972026,-0.04492646004946437,166,187389.08203125,25513,5,0.39464663724136695,113436.61095187053,ok,36,0.5225847291721342,0.034249954384237995,0.25234311301804463,0.2702416161540896,0.017898503136044963,138,14,cached,89,Allen_2022-04-15,60
0.12467689948777358,-1.0,0.12467689948777358,0.0,-0.12467689948777358,171,47371.8779296875,25521,5,0.5436815492009008,21616.661948319037,ok,36,0.3187777175141188,0.14915758850751556,0.13561480094989142,0.1831629165642274,0.04754811561433597,138,14,cached,89,Allen_2022-04-15,61
0.03439575798887139,0.930035231019619,0.0012032456307982404,0.03319251235807315,0.03198926672727491,0,97675.828125,10473,5,0.4293847897125955,55735.31320554325,ok,37,0.33294280297454865,0.7341041872698991,0.044264048594777713,0.2886787543797709,0.2444147057849932,113,15,cached,76,Logan_2020-02-29,53
0.04981227451935411,1.0,0.0,0.04981227451935411,0.04981227451935411,3,29589.052734375,10473,5,0.641744371080765,10600.444696477925,ok,37,0.26641822481663746,0.4948908529632972,0.06728514114608213,0.19913308367055532,0.13184794252447318,113,15,cached,76,Logan_2020-02-29,53
0.014225310824501017,0.5493481453735147,0.003205331352849801,0.011019979471651217,0.007814648118801417,7,37244.118408203125,10473,5,0.6849230027603692,11734.7649928939,ok,37,0.32198014110084233,0.4484406023903799,0.08879558633392055,0.2331845547669218,0.14438896843300125,113,15,cached,76,Logan_2020-02-29,53
0.011048664077619225,-0.9143191590352624,0.010575334662765574,0.00047332941485365163,-0.010102005247911923,13,7008.573547363281,10473,5,0.43061881813803504,3990.5498895642095,ok,37,0.12464025536125214,0.4809782647686789,0.03234550080863603,0.09229475455261611,0.05994925374398008,113,15,cached,76,Logan_2020-02-29,53
0.0290176455086718,0.9419901152435471,0.0008416551359308262,0.028175990372740975,0.02733433523681015,14,3451.4060668945312,10473,5,0.6481607244390017,1214.3402102430061,ok,37,0.0924024725893105,0.17176618859621307,0.03826542602788929,0.05413704656142121,0.015871620533531916,113,15,cached,76,Logan_2020-02-29,53
0.03640022711091054,0.785986488391893,0.00389507021366929,0.03250515689724125,0.028610086683571956,15,3268.531005859375,10473,5,0.6626794776852953,1102.5425860982912,ok,37,0.08027179880785601,0.15737399419535092,0.03381955260410905,0.04645224620374696,0.01263269359963791,113,15,cached,76,Logan_2020-02-29,53
0.039794757802640864,-0.14531206402871685,0.022788708098232746,0.017006049704408117,-0.005782658393824629,17,10281.641357421875,7191,5,0.6633003855545789,3461.8246809100406,ok,26,0.1839808655456485,0.8087223177331047,0.017595716771514468,0.16638514877413402,0.14878943200261954,113,13,cached,76,Logan_2020-02-29,41
0.023414228418065855,0.17103864198734078,0.009704745293129235,0.013709483124936622,0.004004737831807386,18,48477.8115234375,10473,5,0.5592035298667062,21368.848199318367,ok,37,0.2787058759131469,0.7781346606905306,0.030917586863506586,0.2477882890496403,0.2168707021861337,113,15,cached,76,Logan_2020-02-29,53
0.00466499226228431,-0.3357882870787527,0.0031157210116361973,0.0015492712506481134,-0.0015664497609880839,26,213.05982208251953,10473,5,0.22197847202624332,165.76512832645858,ok,37,0.020860543388213654,-0.10148772663789178,0.011488816256557281,0.009371727131656373,-0.002117089124900908,113,15,cached,76,Logan_2020-02-29,53
0.0154777896340723,-0.6652628119967081,0.01288729374476437,0.002590495889307931,-0.010296797855456438,27,6197.0723876953125,10473,5,0.556488293005265,2748.4741530366864,ok,37,0.1301272519884454,0.2725288694033817,0.04733190956273271,0.0827953424257127,0.03546343286297998,113,15,cached,76,Logan_2020-02-29,53
0.051858391643812264,0.23136155895078708,0.019930176654209694,0.03192821498960257,0.011998038335392876,28,11343.56884765625,10473,5,0.479130680072408,5908.516991230529,ok,37,0.10618308426249617,0.21382339947182805,0.04173932810954284,0.06444375615295334,0.022704428043410496,113,15,cached,76,Logan_2020-02-29,53
0.09184942685533316,0.6992019562229126,0.013814063960065444,0.07803536289526772,0.06422129893520227,31,4553.678283691406,10473,5,0.21438996163637747,3577.4153711464005,ok,37,0.06696651089308338,-0.7780411408020732,0.059534605711936216,0.007431905181147159,-0.05210270053078905,113,15,cached,76,Logan_2020-02-29,53
0.022131590087277192,1.0,0.0,0.022131590087277192,0.022131590087277192,32,1153.1617279052734,10473,5,0.6270244218758046,430.10116213616544,ok,37,0.05781603990908479,0.3638493755428433,0.018389854945902093,0.0394261849631827,0.02103633001728061,113,15,cached,76,Logan_2020-02-29,53
0.03184869836938257,-0.03621966273431907,0.01650112374142433,0.015347574627958237,-0.0011535491134660944,35,15822.84619140625,10468,5,0.3352512614204012,10518.217046476315,ok,36,0.15610528487353198,0.8522071968190343,0.011535618821411239,0.14456966605212074,0.1330340472307095,113,15,cached,76,Logan_2020-02-29,52
0.028153708627784605,0.9957300633010667,6.010727684042653e-05,0.02809360135094418,0.028033494074103753,36,6751.3670654296875,10473,5,0.12105738804151278,5934.0642027792765,ok,37,0.039811642551406595,0.34669395058319796,0.01300459345802665,0.02680704909337995,0.0138024556353533,113,15,cached,76,Logan_2020-02-29,53
0.023999804425208517,-0.5345780663270309,0.018414786733531703,0.005585017691676815,-0.012829769041854889,11,17247.310546875,17488,5,0.3078476486138616,11937.766550106477,ok,23,0.217862642933081,0.43575072721505287,0.061464418920998784,0.15639822401208223,0.09493380509108344,97,7,cached,55,Logan_2020-03-02,30
0.023182972613722087,0.2563037247996377,0.008620545190448562,0.014562427423273525,0.005941882232824963,12,995.5994415283203,17488,5,0.3947195344358019,602.6168934837174,ok,23,0.02959522148206209,0.6868382745092325,0.004634045312801997,0.024961176169260094,0.020327130856458098,97,7,cached,55,Logan_2020-03-02,30
0.05128278450671739,0.3210619305926905,0.017408917353410894,0.033873867153306494,0.0164649497998956,22,6100.107727050781,17488,5,0.40183823344316105,3648.851214199719,ok,23,0.12339821289060637,0.4780574377255114,0.03220338970810796,0.09119482318249841,0.05899143347439045,97,7,cached,55,Logan_2020-03-02,30
0.07117854938454306,-0.8773626808812375,0.06681397614690165,0.004364573237641405,-0.06244940290926025,23,28613.46533203125,13604,5,0.39020966251282996,17448.214681496775,ok,17,0.2030247125697012,-0.8908763698785105,0.1919473157497123,0.011077396819988889,-0.1808699189297234,97,4,cached,55,Logan_2020-03-02,23
0.04972492852248252,0.036606663313344896,0.02395233240288993,0.025772596119592588,0.001820263716702658,25,64640.7861328125,17480,5,0.3716008474177144,40620.21522811214,ok,23,0.344762442059194,0.3025811460908093,0.12022191360592842,0.22454052845326558,0.10431861484733716,97,7,cached,55,Logan_2020-03-02,30
0.022696583898505193,0.6588191508760801,0.003871819883352145,0.01882476401515305,0.014952944131800905,33,5445.361633300781,17488,5,0.5214418524475644,2605.9221759855272,ok,23,0.11151527158932974,0.6922123001057887,0.01716151447277904,0.0943537571165507,0.07719224264377166,97,7,cached,55,Logan_2020-03-02,30
0.037469643129346274,0.7000759345612734,0.005619023848945895,0.03185061928040038,0.026231595431454487,36,19025.003662109375,17488,5,0.4030099201276772,11357.73845581391,ok,23,0.19979257430629027,0.26330982379361456,0.07359261338521417,0.1261999609210761,0.05260734753586194,97,7,cached,55,Logan_2020-03-02,30
0.016211500985082238,0.9213544379380385,0.0006374813034199178,0.015574019681662322,0.014936538378242404,40,9328.006103515625,17488,5,0.3872065460194445,5716.141078925043,ok,23,0.13500358793741424,0.49710921160334576,0.033946030387111636,0.10105755755030259,0.06711152716319095,97,7,cached,55,Logan_2020-03-02,30
0.02428333812082807,0.5207437706040937,0.005818970532466968,0.018464367588361105,0.012645397055894137,44,13067.79736328125,17488,5,0.31607822978997124,8937.35110544126,ok,23,0.17798162339119394,0.39819410879481165,0.05355519474154184,0.12442642864965212,0.07087123390811027,97,7,cached,55,Logan_2020-03-02,30
0.01746694352477789,0.9943805384222468,4.907740900913875e-05,0.017417866115768753,0.017368788706759616,46,2613.351348876953,17488,5,0.12455646485273153,2287.8415434427225,ok,23,0.05430982290793813,-0.2112107889367335,0.03289032172566901,0.021419501182269117,-0.011470820543399894,97,7,cached,55,Logan_2020-03-02,30
0.044477013226908946,0.8001687638909463,0.004443948265785972,0.04003306496112297,0.035589116695337,47,4699.5592041015625,17488,5,0.1714967447143485,3893.60009900579,ok,23,0.05866882315215966,-0.2776152490746902,0.03747809155223271,0.021190731599926953,-0.016287359952305756,97,7,cached,55,Logan_2020-03-02,30
0.06551308657605356,-0.05948280706635991,0.03470499443258934,0.030808092143464215,-0.0038969022891251273,51,17686.629272460938,17488,5,0.4569613741432986,9604.522856154097,ok,23,0.1924538366215226,-0.0071187906179449945,0.09691193759402571,0.0955418990274969,-0.001370038566528814,97,7,cached,55,Logan_2020-03-02,30
0.11744005998674159,0.9666653827603888,0.0019574097241275012,0.11548265026261409,0.11352524053848659,53,116597.248046875,17488,5,0.45374496902191463,63691.83334380521,ok,23,0.5020882926347743,0.30330604247134624,0.17490093981226287,0.32718735282251143,0.15228641301024856,97,7,cached,55,Logan_2020-03-02,30
0.07498188236301455,-0.6969262213056941,0.06361936115232918,0.011362521210685374,-0.052256839941643804,54,216968.8359375,17467,5,0.42480010042476135,124800.45264220642,ok,23,0.7337332641133496,0.3773229342741155,0.22843943796178795,0.5052938261515616,0.27685438818977365,97,7,cached,55,Logan_2020-03-02,30
0.007438584029053648,1.0,0.0,0.007438584029053648,0.007438584029053648,59,80.1820216178894,17488,5,0.4259231031914351,46.030646150235214,ok,23,0.013188563692544147,0.20694558680706682,0.005229624320024111,0.007958939372520036,0.0027293150524959247,97,7,cached,55,Logan_2020-03-02,30
0.04773613139210889,1.0,0.0,0.04773613139210889,0.04773613139210889,15,5774.9544677734375,15009,5,0.28132568764700283,4150.311430996944,ok,33,0.07829763777699555,0.2776405343874591,0.0282795198916574,0.05001811788533815,0.02173859799368075,125,22,cached,75,Logan_2020-03-04,55
0.05178262127058891,0.5416423503005179,0.011867480290432771,0.03991514098015614,0.028047660689723367,25,18893.97216796875,15009,5,0.44529184928145016,10480.640361021695,ok,33,0.16869819113004877,0.11153690611874983,0.0749410584117868,0.09375713271826197,0.018816074306475167,125,22,cached,75,Logan_2020-03-04,55
0.015686799632870438,0.678430903947683,0.002522194988947983,0.013164604643922455,0.010642409654974472,28,2367.728973388672,15009,5,0.20605248628745065,1879.852531567103,ok,33,0.04372113140507281,-0.7973756290909012,0.03929164803187935,0.004429483373193459,-0.03486216465868589,125,22,cached,75,Logan_2020-03-04,55
0.015334916060722511,0.8265294260900725,0.0013300783449570496,0.014004837715765462,0.012674759370808412,29,919.7523040771484,15009,5,0.46662019335851257,490.57730610673195,ok,33,0.05765717899703305,-0.4814084040078486,0.04270691475879479,0.01495026423823826,-0.02775665052055653,125,22,cached,75,Logan_2020-03-04,55
0.006215917850871239,0.7908356455105146,0.0006500742224185767,0.005565843628452663,0.004915769406034087,30,3156.0148010253906,15009,5,0.6336092677115697,1156.3345740608174,ok,33,0.09381631948102344,0.4078232238606841,0.02777792280976428,0.06603839667125916,0.03826047386149488,125,22,cached,75,Logan_2020-03-04,55
0.024167504539946094,-0.8722388137072759,0.02262367001506694,0.001543834524879155,-0.021079835490187784,36,23276.894287109375,15009,5,0.5374808488433849,10766.009387236092,ok,33,0.25377572298942447,0.3204751792371625,0.08622345133917407,0.16755227165025038,0.08132882031107631,125,22,cached,75,Logan_2020-03-04,55
0.016829988325965436,0.9900969845723512,8.333381701959297e-05,0.016746654508945844,0.01666332069192625,40,6519.293304443359,13059,5,0.19581572283614113,5242.713173652968,ok,28,0.060938908512859304,0.6055123002097953,0.012019824923481795,0.04891908358937751,0.03689925866589571,125,17,cached,75,Logan_2020-03-04,45
0.040434574372678375,-0.32614225296299515,0.026810998778091743,0.013623575594586632,-0.01318742318350511,64,9902.104858398438,15009,5,0.6041489718551926,3919.7583889947146,ok,33,0.13491652237256252,0.3112732512466468,0.04646030890338201,0.0884562134691805,0.0419959045657985,125,22,cached,75,Logan_2020-03-04,55
0.1954688900266774,-0.4606190560021912,0.14275279281428083,0.05271609721239656,-0.09003669560188426,67,542818.7109375,15002,5,0.6593774758435373,184896.27947888855,ok,33,1.208350671237986,0.3640399144626941,0.38423139811978524,0.8241192731182007,0.4398878749984154,125,22,cached,75,Logan_2020-03-04,54
0.04194152607087745,-0.2985441505226749,0.02723146167166609,0.014710064399211357,-0.012521397272454732,34,13954.427978515625,5723,5,0.34493006321713937,9141.126253727212,ok,14,0.20823979536944537,-0.779317520935171,0.18526235822840442,0.02297743714104096,-0.16228492108736348,76,10,cached,40,Logan_2020-03-06,21
0.025436219247058033,0.43643974619842996,0.007167421087312203,0.01826879815974583,0.011101377072433628,36,2834.5932006835938,5727,5,0.4988716276280012,1420.4950769953039,ok,14,0.1152608105544156,0.2603868946615748,0.04262420300898763,0.07263660754542797,0.030012404536440343,76,10,cached,40,Logan_2020-03-06,21
0.011539657803587035,0.9543087444274708,0.000263630726961613,0.011276027076625422,0.011012396349663809,49,8218.337646484375,5727,5,0.3778675674732228,5112.894391333713,ok,14,0.13629366682531932,0.5528031492704679,0.03047504928933146,0.10581861753598787,0.07534356824665642,76,10,cached,40,Logan_2020-03-06,21
0.018077071059815354,0.3596330029691976,0.005787979854843191,0.012289091204972163,0.006501111350128971,80,4180.868835449219,5727,5,0.42559793102150856,2401.4997092097274,ok,14,0.09422778326649373,0.5413510984462283,0.021608734645512113,0.07261904862098162,0.051010313975469505,76,10,cached,40,Logan_2020-03-06,21
