cell_id,best_val_bps,train_bps_at_best,best_lag_group,best_epoch,best_prox_mult,best_local_mult
14,0.5445360541343689,0.5664063096046448,1,0,1.0,1.0
15,0.10027972608804703,0.10446567833423615,1,0,1.0,1.0
16,0.4287143051624298,0.35086894035339355,2,0,1.0,1.0
66,0.055768754333257675,0.0732758641242981,2,0,1.0,1.0
76,0.17759419977664948,0.24956808984279633,1,0,1.0,1.0
